Symbol,Security Name
AACB,Artius II Acquisition Inc. - Class A Ordinary Shares
AACBR,Artius II Acquisition Inc. - Rights
AACBU,Artius II Acquisition Inc. - Units
AAL,"American Airlines Group, Inc. - Common Stock"
AAME,Atlantic American Corporation - Common Stock
AAOI,"Applied Optoelectronics, Inc. - Common Stock"
AAON,"AAON, Inc. - Common Stock"
AAPD,Direxion Daily AAPL Bear 1X Shares
AAPG,Ascentage Pharma Group International - American Depository Shares
AAPL,Apple Inc. - Common Stock
AAPU,Direxion Daily AAPL Bull 2X Shares
AARD,"Aardvark Therapeutics, Inc. - Common Stock"
ABAT,American Battery Technology Company - Common Stock
ABCL,AbCellera Biologics Inc. - Common Shares
ABEO,Abeona Therapeutics Inc. - Common Stock
ABL,"Abacus Global Management, Inc. - Class A Common Stock"
ABLV,Able View Global Inc. - Class B Ordinary Shares
ABNB,"Airbnb, Inc. - Class A Common Stock"
ABOS,"Acumen Pharmaceuticals, Inc. - Common Stock"
ABP,"Abpro Holdings, Inc - Common Stock"
ABSI,Absci Corporation - Common Stock
ABTC,American Bitcoin Corp. - Class A Common Stock
ABTS,Abits Group Inc - Ordinary Shares
ABUS,Arbutus Biopharma Corporation - Common Stock
ABVC,"ABVC BioPharma, Inc. - Common Stock"
ABVE,Above Food Ingredients Inc. - Common Stock
ACAD,ACADIA Pharmaceuticals Inc. - Common Stock
ACB,Aurora Cannabis Inc. - Common Shares
ACCL,Acco Group Holdings Limited - Ordinary Shares
ACDC,ProFrac Holding Corp. - Class A Common Stock
ACET,"Adicet Bio, Inc. - Common Stock"
ACFN,"Acorn Energy, Inc. - Common Stock"
ACGL,Arch Capital Group Ltd. - Common Stock
ACHC,"Acadia Healthcare Company, Inc. - Common Stock"
ACHV,"Achieve Life Sciences, Inc.  - Common Shares"
ACIC,American Coastal Insurance Corporation - Common Stock
ACIU,AC Immune SA - Common Stock
ACIW,"ACI Worldwide, Inc. - Common Stock"
ACLS,"Axcelis Technologies, Inc. - Common Stock"
ACLX,"Arcellx, Inc. - Common Stock"
ACMR,"ACM Research, Inc. - Class A Common Stock"
ACNB,ACNB Corporation - Common Stock
ACNT,Ascent Industries Co. - Common Stock
ACOG,Alpha Cognition Inc. - Common Stock
ACON,"Aclarion, Inc. - Common Stock"
ACRS,"Aclaris Therapeutics, Inc. - Common Stock"
ACRV,"Acrivon Therapeutics, Inc. - Common Stock"
ACT,"Enact Holdings, Inc. - Common Stock"
ACTG,Acacia Research Corporation - Common Stock
ACTU,"Actuate Therapeutics, Inc. - Common stock"
ACXP,"Acurx Pharmaceuticals, Inc. - Common Stock"
ADAG,"Adagene Inc. - ADS, each representing 1.25 ordinary shares"
ADBE,Adobe Inc. - Common Stock
ADEA,Adeia Inc.  - Common Stock
ADGM,"Adagio Medical Holdings, Inc - Common Stock"
ADI,"Analog Devices, Inc. - Common Stock"
ADIL,"Adial Pharmaceuticals, Inc - Common Stock"
ADMA,ADMA Biologics Inc - Common Stock
ADP,"Automatic Data Processing, Inc. - Common Stock"
ADPT,Adaptive Biotechnologies Corporation - Common Stock
ADSE,ADS-TEC ENERGY PLC - Ordinary Shares
ADSK,"Autodesk, Inc. - Common Stock"
ADTN,"ADTRAN Holdings, Inc. - Common Stock"
ADTX,"Aditxt, Inc. - Common Stock"
ADUR,Aduro Clean Technologies Inc. - Common Stock
ADUS,Addus HomeCare Corporation - Common Stock
ADV,Advantage Solutions Inc.  - Class A Common Stock
ADVB,Advanced Biomed Inc. - Common Stock
ADVM,"Adverum Biotechnologies, Inc. - Common Stock"
AEBI,Aebi Schmidt Holding AG - Common Stock
AEC,Anfield Energy Inc. - Common Shares
AEHL,Antelope Enterprise Holdings Limited - Class A Ordinary Shares
AEHR,Aehr Test Systems - Common Stock
AEI,Alset Inc. - Common Stock
AEIS,"Advanced Energy Industries, Inc. - Common Stock"
AEMD,"Aethlon Medical, Inc. - Common Stock"
AENT,Alliance Entertainment Holding Corporation - common stock
AEP,"American Electric Power Company, Inc. - Common Stock"
AERT,"Aeries Technology, Inc. - Class A Ordinary Share"
AEVA,"Aeva Technologies, Inc. - Common Stock"
AEYE,"AudioEye, Inc. - Common Stock"
AFBI,"Affinity Bancshares, Inc. - Common Stock"
AFCG,Advanced Flower Capital Inc. - Common Stock
AFJK,"Aimei Health Technology Co., Ltd - Ordinary Share"
AFJKR,"Aimei Health Technology Co., Ltd - Right"
AFJKU,"Aimei Health Technology Co., Ltd - Unit"
AFRI,Forafric Global PLC - Ordinary Shares
AFRM,"Affirm Holdings, Inc. - Class A Common Stock"
AFYA,Afya Limited - Class A Common Shares
AGAE,Allied Gaming & Entertainment Inc. - Common Stock
AGCC,Agencia Comercial Spirits Ltd - Class A Ordinary Share
AGEN,Agenus Inc. - Common Stock
AGH,Aureus Greenway Holdings Inc. - Common Stock
AGIO,"Agios Pharmaceuticals, Inc. - Common Stock"
AGMH,AGM Group Holdings Inc. - Class A Ordinary Shares
AGNC,AGNC Investment Corp. - Common Stock
AGRZ,Agroz Inc. - Ordinary Shares
AGYS,"Agilysys, Inc. - Common Stock"
AHCO,AdaptHealth Corp.  - Common Stock
AHMA,Ambitions Enterprise Management Co. L.L.C - Class A Ordinary Shares
AIFF,"Firefly Neuroscience, Inc.  - Common Stock"
AIFU,AIFU Inc. - Class A Ordinary Share
AIHS,Senmiao Technology Limited - Common Stock
AIIO,Robo.ai Inc. - Class B Ordinary Shares
AIMD,"Ainos, Inc. - Common Stock"
AIOT,"PowerFleet, Inc. - Common Stock"
AIP,"Arteris, Inc.  - Common Stock"
AIRE,reAlpha Tech Corp. - Common Stock
AIRG,"Airgain, Inc. - Common Stock"
AIRJ,AirJoule Technologies Corporation - Class A Common Stock
AIRO,"AIRO Group Holdings, Inc. - Common Stock"
AIRS,"AirSculpt Technologies, Inc. - Common Stock"
AIRT,"Air T, Inc. - Common Stock"
AISP,"Airship AI Holdings, Inc - Class A Common Stock"
AIXC,"AIxCrypto Holdings, Inc. - Common Stock"
AKAM,"Akamai Technologies, Inc. - Common Stock"
AKAN,Akanda Corp. - Common Shares
AKBA,"Akebia Therapeutics, Inc. - Common Stock"
AKRO,"Akero Therapeutics, Inc. - Common Stock"
ALAB,"Astera Labs, Inc. - Common Stock"
ALBT,Avalon GloboCare Corp. - Common Stock
ALCO,"Alico, Inc. - Common Stock"
ALCY,Alchemy Investments Acquisition Corp 1 - Class A Ordinary Shares
ALCYU,Alchemy Investments Acquisition Corp 1 - Units
ALDF,Aldel Financial II Inc. - Class A Ordinary Shares
ALDFU,Aldel Financial II Inc. - Units
ALDX,"Aldeyra Therapeutics, Inc. - Common Stock"
ALEC,"Alector, Inc. - Common Stock"
ALF,Centurion Acquisition Corp. - Class A Ordinary Shares
ALFUU,Centurion Acquisition Corp. - Unit
ALGM,"Allegro MicroSystems, Inc. - Common Stock"
ALGN,"Align Technology, Inc. - Common Stock"
ALGS,"Aligos Therapeutics, Inc. - Common stock"
ALGT,Allegiant Travel Company - Common Stock
ALHC,"Alignment Healthcare, Inc. - Common Stock"
ALIS,Calisa Acquisition Corp - Ordinary shares
ALISR,Calisa Acquisition Corp - Right
ALISU,Calisa Acquisition Corp - Units
ALKS,Alkermes plc - Ordinary Shares
ALKT,"Alkami Technology, Inc. - Common Stock"
ALLO,"Allogene Therapeutics, Inc. - Common Stock"
ALLR,"Allarity Therapeutics, Inc. - Common stock"
ALLT,Allot Ltd. - Ordinary Shares
ALM,Almonty Industries Inc. - Common Shares
ALMS,Alumis Inc. - Common Stock
ALMU,"Aeluma, Inc. - Common Stock"
ALNT,Allient Inc. - Common Stock
ALNY,"Alnylam Pharmaceuticals, Inc. - Common Stock"
ALOT,"AstroNova, Inc. - Common Stock"
ALPS,ALPS Group Inc - Ordinary Share
ALRM,"Alarm.com Holdings, Inc. - Common Stock"
ALRS,Alerus Financial Corporation - Common Stock
ALT,"Altimmune, Inc. - Common Stock"
ALTI,"AlTi Global, Inc. - Class A Common Stock"
ALTO,"Alto Ingredients, Inc. - Common Stock"
ALTS,ALT5 Sigma Corporation - Common Stock
ALVO,Alvotech - Ordinary Shares
ALXO,ALX Oncology Holdings Inc. - Common Stock
ALZN,"Alzamend Neuro, Inc. - Common Stock"
AMAL,Amalgamated Financial Corp. - Common Stock
AMAT,"Applied Materials, Inc. - Common Stock"
AMBA,"Ambarella, Inc. - Ordinary Shares"
AMCX,AMC Networks Inc. - Class A Common Stock
AMD,"Advanced Micro Devices, Inc. - Common Stock"
AMDD,Direxion Daily AMD Bear 1X Shares
AMGN,Amgen Inc. - Common Stock
AMIX,"Autonomix Medical, Inc. - Common Stock"
AMKR,"Amkor Technology, Inc. - Common Stock"
AMLX,"Amylyx Pharmaceuticals, Inc. - Common Stock"
AMOD,"Alpha Modus Holdings, Inc. - Class A Common Stock"
AMPG,"Amplitech Group, Inc. - Common Stock"
AMPH,"Amphastar Pharmaceuticals, Inc. - Common Stock"
AMPL,"Amplitude, Inc. - Class A Common Stock"
AMRK,"A-Mark Precious Metals, Inc. - Common Stock"
AMRX,"Amneal Pharmaceuticals, Inc. - Class A Common Stock"
AMSC,American Superconductor Corporation - Common Stock
AMSF,"AMERISAFE, Inc. - Common Stock"
AMST,Amesite Inc. - Common Stock
AMTX,"Aemetis, Inc - Common Stock"
AMUU,Direxion Daily AMD Bull 2X Shares
AMWD,American Woodmark Corporation - Common Stock
AMZD,Direxion Daily AMZN Bear 1X Shares
AMZN,"Amazon.com, Inc. - Common Stock"
AMZU,Direxion Daily AMZN Bull 2X Shares
ANAB,"AnaptysBio, Inc. - Common Stock"
ANDE,"The Andersons, Inc. - Common Stock"
ANEB,"Anebulo Pharmaceuticals, Inc. - Common Stock"
ANGH,Anghami Inc. - Ordinary Shares
ANGI,Angi Inc. - Class A Common Stock
ANGO,"AngioDynamics, Inc. - Common Stock"
ANIK,Anika Therapeutics Inc. - Common Stock
ANIP,"ANI Pharmaceuticals, Inc. - Common Stock"
ANIX,"Anixa Biosciences, Inc. - Common Stock"
ANNA,"AleAnna, Inc. - Class A Common Stock"
ANNX,"Annexon, Inc. - common stock"
ANPA,Rich Sparkle Holdings Limited - Ordinary Shares
ANSC,Agriculture & Natural Solutions Acquisition Corporation - Class A Ordinary Shares
ANSCU,Agriculture & Natural Solutions Acquisition Corporation - Unit
ANTA,Antalpha Platform Holding Company - Class A Ordinary Shares
ANTX,"AN2 Therapeutics, Inc. - Common Stock"
ANY,Sphere 3D Corp. - Common Shares
AOSL,Alpha and Omega Semiconductor Limited - Common Shares
AOUT,"American Outdoor Brands, Inc. - Common Stock"
APA,APA Corporation - Common Stock
APACU,StoneBridge Acquisition II Corporation - Units
APAD,A Paradise Acquisition Corp. - Class A Ordinary Shares
APADR,A Paradise Acquisition Corp. - Rights
APADU,A Paradise Acquisition Corp. - Unit
APEI,"American Public Education, Inc. - Common Stock"
APGE,"Apogee Therapeutics, Inc. - Common Stock"
API,"Agora, Inc. - ADS"
APLD,Applied Digital Corporation - Common Stock
APLM,Apollomics Inc. - Class A Ordinary Shares
APLS,"Apellis Pharmaceuticals, Inc. - Common Stock"
APLT,"Applied Therapeutics, Inc. - Common Stock"
APM,Aptorum Group Limited - Class A Ordinary Shares
APOG,"Apogee Enterprises, Inc. - Common Stock"
APP,Applovin Corporation - Class A Common Stock
APPF,"AppFolio, Inc. - Class A Common Stock"
APPN,Appian Corporation - Class A Common Stock
APPS,"Digital Turbine, Inc. - Common Stock"
APRE,"Aprea Therapeutics, Inc. - Common Stock"
APVO,Aptevo Therapeutics Inc. - Common Stock
APWC,"Asia Pacific Wire & Cable Corporation Limited  - Common shares, Par value .01 per share"
APXT,Apex Treasury Corporation - Class A Ordinary Share
APXTU,Apex Treasury Corporation - Units
APYX,Apyx Medical Corporation - Common Stock
AQB,"AquaBounty Technologies, Inc. - Common Stock"
AQMS,"Aqua Metals, Inc. - Common Stock"
AQST,"Aquestive Therapeutics, Inc. - Common Stock"
ARAI,Arrive AI Inc. - Common Stock
ARAY,Accuray Incorporated - Common Stock
ARBB,ARB IOT Group Limited - Ordinary Shares
ARBE,Arbe Robotics Ltd. - Ordinary Shares
ARCB,ArcBest Corporation - Common Stock
ARCT,Arcturus Therapeutics Holdings Inc. - Common Stock
ARDX,"Ardelyx, Inc. - Common Stock"
AREB,"American Rebel Holdings, Inc. - Common Stock"
AREC,American Resources Corporation - Class A Common Stock
ARHS,"Arhaus, Inc. - Class A Common Stock"
ARKO,ARKO Corp. - Common Stock
ARKR,Ark Restaurants Corp. - Common Stock
ARLP,"Alliance Resource Partners, L.P. - Common Units Representing Limited Partnership Interests"
AROW,Arrow Financial Corporation - Common Stock
ARQ,"Arq, Inc. - Common Stock"
ARQQ,Arqit Quantum Inc. - Ordinary Shares
ARQT,"Arcutis Biotherapeutics, Inc. - Common stock"
ARRY,"Array Technologies, Inc. - Common Stock"
ARTL,"Artelo Biosciences, Inc. - Common Stock"
ARTNA,Artesian Resources Corporation - Class A Non-Voting Common Stock
ARTV,"Artiva Biotherapeutics, Inc. - Common Stock"
ARTW,"Art's-Way Manufacturing Co., Inc. - Common Stock"
ARVN,"Arvinas, Inc. - Common Stock"
ARWR,"Arrowhead Pharmaceuticals, Inc. - Common Stock"
ASBP,"Aspire Biopharma Holdings, Inc.  - Common Stock"
ASLE,AerSale Corporation - Common Stock
ASMB,"Assembly Biosciences, Inc. - Common Stock"
ASML,ASML Holding N.V. - New York Registry Shares
ASNS,"Actelis Networks, Inc. - Common Stock"
ASO,"Academy Sports and Outdoors, Inc. - Common Stock"
ASPC,A SPAC III Acquisition Corp. - Class A Ordinary Shares
ASPCR,A SPAC III Acquisition Corp. - Right
ASPCU,A SPAC III Acquisition Corp. - Unit
ASPI,ASP Isotopes Inc. - Common Stock
ASPS,Altisource Portfolio Solutions S.A. - Common Stock
ASRT,"Assertio Holdings, Inc. - Common Stock"
ASRV,AmeriServ Financial Inc. - Common Stock
ASST,"Strive, Inc. - Class A Common Stock"
ASTC,Astrotech Corporation - Common Stock
ASTE,"Astec Industries, Inc. - Common Stock"
ASTH,Astrana Health Inc. - Common Stock
ASTI,"Ascent Solar Technologies, Inc - Common Stock"
ASTL,Algoma Steel Group Inc. - Common Shares
ASTS,"AST SpaceMobile, Inc. - Class A Common Stock"
ASUR,Asure Software Inc - Common Stock
ASYS,"Amtech Systems, Inc. - Common Stock"
ATAI,Atai Beckley N.V - Common Shares
ATEC,"Alphatec Holdings, Inc. - Common Stock"
ATER,"Aterian, Inc. - Common Stock"
ATEX,Anterix Inc. - Common Stock
ATGL,Alpha Technology Group Limited - Class A Ordinary Shares
ATHA,"Athira Pharma, Inc. - Common Stock"
ATHR,"Aether Holdings, Inc. - Common Stock"
ATII,Archimedes Tech SPAC Partners II Co. - Ordinary Shares
ATIIU,Archimedes Tech SPAC Partners II Co. - Unit
ATLC,Atlanticus Holdings Corporation - Common Stock
ATLN,Atlantic International Corp. - Common Stock
ATLO,Ames National Corporation - Common Stock
ATLX,Atlas Lithium Corporation - Common Stock
ATMC,AlphaTime Acquisition Corp - Ordinary Shares
ATMCR,AlphaTime Acquisition Corp - Right
ATMCU,AlphaTime Acquisition Corp - Unit
ATMV,AlphaVest Acquisition Corp - Ordinary Shares
ATMVR,AlphaVest Acquisition Corp - Right
ATMVU,AlphaVest Acquisition Corp - Unit
ATNI,"ATN International, Inc. - Common Stock"
ATOM,Atomera Incorporated - Common Stock
ATON,AlphaTON Capital Corp. - Common Stock
ATOS,"Atossa Therapeutics, Inc. - Common Stock"
ATPC,Agape ATP Corporation - Common Stock
ATRA,"Atara Biotherapeutics, Inc. - Common Stock"
ATRC,"AtriCure, Inc. - Common Stock"
ATRO,Astronics Corporation - Common Stock
ATXG,Addentax Group Corp. - Common Stock
ATXS,"Astria Therapeutics, Inc. - Common Stock"
ATYR,"aTyr Pharma, Inc. - Common Stock"
AUBN,"Auburn National Bancorporation, Inc. - Common Stock"
AUDC,AudioCodes Ltd. - Ordinary Shares
AUGO,Aura Minerals Inc. - Common Shares
AUID,authID Inc. - Common Stock
AUPH,Aurinia Pharmaceuticals Inc - Common Shares
AUR,"Aurora Innovation, Inc.  - Class A Common Stock"
AURA,"Aura Biosciences, Inc. - Common Stock"
AURE,Prestige Wealth Inc. - Class A Ordinary Shares
AUUD,Auddia Inc. - Common Stock
AVAH,Aveanna Healthcare Holdings Inc. - Common Stock
AVAV,"AeroVironment, Inc. - Common Stock"
AVBH,"Avidbank Holdings, Inc. - Common Stock"
AVBP,"ArriVent BioPharma, Inc. - Common Stock"
AVDL,Avadel Pharmaceuticals plc - Ordinary Share
AVGO,Broadcom Inc. - Common Stock
AVIR,"Atea Pharmaceuticals, Inc. - common stock"
AVL,Direxion Daily AVGO Bull 2X Shares
AVNW,"Aviat Networks, Inc. - Common Stock"
AVO,"Mission Produce, Inc. - Common Stock"
AVPT,"AvePoint, Inc. - Class A Common Stock"
AVR,Anteris Technologies Global Corp. - Common Stock
AVS,Direxion Daily AVGO Bear 1X Shares
AVT,"Avnet, Inc. - Common Stock"
AVTX,"Avalo Therapeutics, Inc. - Common Stock"
AVX,Avax One Technology Ltd. - Common Shares
AVXL,Anavex Life Sciences Corp. - Common Stock
AWRE,"Aware, Inc. - Common Stock"
AXG,Solowin Holdings - Class A Ordinary Share
AXGN,"Axogen, Inc. - Common Stock"
AXIN,Axiom Intelligence Acquisition Corp 1 - Class A Ordinary Shares
AXINR,Axiom Intelligence Acquisition Corp 1 - Right
AXINU,Axiom Intelligence Acquisition Corp 1 - Units
AXON,"Axon Enterprise, Inc. - Common Stock"
AXSM,"Axsome Therapeutics, Inc. - Common Stock"
AXTI,AXT Inc - Common Stock
AYTU,"Aytu BioPharma, Inc.  - Common Stock"
AZ,A2Z Cust2Mate Solutions Corp. - Common Shares
AZI,Autozi Internet Technology (Global) Ltd. - Class A Ordinary Shares
AZTA,"Azenta, Inc. - Common Stock"
BACC,Blue Acquisition Corp. - Class A Ordinary Shares
BACCR,Blue Acquisition Corp. - Right
BACCU,Blue Acquisition Corp. - Unit
BACQ,Inflection Point Acquisition Corp. IV - Class A Ordinary Shares
BACQR,Inflection Point Acquisition Corp. IV - Right
BACQU,Inflection Point Acquisition Corp. IV - Unit
BAER,"Bridger Aerospace Group Holdings, Inc. - Common Stock"
BAFN,BayFirst Financial Corp. - Common Stock
BAND,Bandwidth Inc. - Class A Common Stock
BANF,BancFirst Corporation - Common Stock
BANL,CBL International Limited - Ordinary Shares
BANR,Banner Corporation - Common Stock
BAOS,Baosheng Media Group Holdings Limited - Ordinary shares
BATRA,"Atlanta Braves Holdings, Inc. - Series A Common Stock"
BATRK,"Atlanta Braves Holdings, Inc. - Series C Common Stock"
BAYA,Bayview Acquisition Corp - Ordinary Share
BAYAR,Bayview Acquisition Corp - Right
BAYAU,Bayview Acquisition Corp - Unit
BBCP,"Concrete Pumping Holdings, Inc.  - Common Stock"
BBGI,"Beasley Broadcast Group, Inc. - Class A Common Stock"
BBIO,"BridgeBio Pharma, Inc. - Common Stock"
BBLG,Bone Biologics Corp - Common Stock
BBNX,"Beta Bionics, Inc. - Common Stock"
BBOT,"BridgeBio Oncology Therapeutics, Inc. - Common Stock"
BBSI,"Barrett Business Services, Inc. - Common Stock"
BCAB,"BioAtla, Inc. - Common Stock"
BCAL,California BanCorp - Common Stock
BCAR,D. Boral ARC Acquisition I Corp. - Class A Ordinary Shares
BCARU,D. Boral ARC Acquisition I Corp. - Units
BCAX,Bicara Therapeutics Inc. - Common Stock
BCBP,"BCB Bancorp, Inc. (NJ) - Common Stock"
BCDA,"BioCardia, Inc. - Common Stock"
BCG,"Binah Capital Group, Inc. - Common Stock"
BCML,BayCom Corp - Common Stock
BCPC,Balchem Corporation - Common Stock
BCRX,"BioCryst Pharmaceuticals, Inc. - Common Stock"
BCTX,BriaCell Therapeutics Corp. - Common Shares
BDCI,BTC Development Corp. - Class A Ordinary Shares
BDCIU,BTC Development Corp. - Unit
BDMD,Baird Medical Investment Holdings Ltd - Ordinary Share
BDSX,"Biodesix, Inc. - Common Stock"
BDTX,"Black Diamond Therapeutics, Inc. - Common Stock"
BEAG,Bold Eagle Acquisition Corp. - Class A Ordinary Shares
BEAGR,Bold Eagle Acquisition Corp. - Right
BEAGU,Bold Eagle Acquisition Corp. - Units
BEAM,Beam Therapeutics Inc. - Common Stock
BEAT,"Heartbeam, Inc. - Common Stock"
BEEM,Beam Global - Common Stock
BEEP,Mobile Infrastructure Corporation - Common Stock
BELFA,Bel Fuse Inc. - Class A Common Stock
BELFB,Bel Fuse Inc. - Class B Common Stock
BENF,Beneficient - Class A Common Stock
BETR,Better Home & Finance Holding Company - Class A Common Stock
BFC,Bank First Corporation - Common Stock
BFIN,BankFinancial Corporation - Common Stock
BFRG,"Bullfrog AI Holdings, Inc. - Common Stock"
BFRI,Biofrontera Inc. - Common Stock
BFST,"Business First Bancshares, Inc. - Common Stock"
BGC,"BGC Group, Inc. - Class A Common Stock"
BGIN,Bgin Blockchain Limited - Class A Ordinary Shares
BGL,Blue Gold Limited - Class A ordinary shares
BGLC,BioNexus Gene Lab Corp - Common stock
BGM,BGM Group Ltd. - Class A Ordinary Shares
BGMS,"Bio Green Med Solution, Inc. - Common Stock"
BHAT,Blue Hat Interactive Entertainment Technology - Ordinary Shares
BHF,"Brighthouse Financial, Inc. - Common Stock"
BHFAL,"Brighthouse Financial, Inc. - Junior Subordinated Debentures due 2058"
BHRB,Burke & Herbert Financial Services Corp. - Common Stock
BHST,BioHarvest Sciences Inc. - Common Stock
BIAF,"bioAffinity Technologies, Inc. - Common Stock"
BIB,ProShares Ultra Nasdaq Biotechnology
BIIB,Biogen Inc. - Common Stock
BIOA,"BioAge Labs, Inc. - Common Stock"
BIOX,Bioceres Crop Solutions Corp. - Ordinary Shares
BIRD,"Allbirds, Inc. - Class A Common Stock"
BIS,ProShares UltraShort Nasdaq Biotechnology
BITF,Bitfarms Ltd. - Common Stock
BIVI,BioVie Inc. - Common stock
BIYA,Baiya International Group Inc.  - Ordinary Shares
BJDX,"Bluejay Diagnostics, Inc. - Common Stock"
BJRI,"BJ's Restaurants, Inc. - Common Stock"
BKHA,Black Hawk Acquisition Corporation - Class A Ordinary Shares
BKHAR,Black Hawk Acquisition Corporation - Rights
BKHAU,Black Hawk Acquisition Corporation - Units
BKNG,Booking Holdings Inc. - Common Stock
BKR,Baker Hughes Company - Common Stock
BKYI,"BIO-key International, Inc. - Common Stock"
BL,"BlackLine, Inc. - Common Stock"
BLBD,Blue Bird Corporation - Common Stock
BLBX,Blackboxstocks Inc. - Common Stock
BLDP,"Ballard Power Systems, Inc. - Common Shares"
BLFS,"BioLife Solutions, Inc. - Common Stock"
BLFY,Blue Foundry Bancorp - Common Stock
BLIN,"Bridgeline Digital, Inc. - Common Stock"
BLIV,BeLive Holdings - ordinary shares
BLKB,"Blackbaud, Inc. - Common Stock"
BLLN,"BillionToOne, Inc. - Class A common stock"
BLMN,"Bloomin' Brands, Inc. - Common Stock"
BLMZ,Harrison Global Holdings Inc. - Ordinary Shares
BLNE,"Beeline Holdings, Inc. - Common Stock"
BLNK,Blink Charging Co. - Common Stock
BLUW,Blue Water Acquisition Corp. III - Class A Ordinary Shares
BLUWU,Blue Water Acquisition Corp. III - Unit.
BLZE,"Backblaze, Inc. - Common Stock"
BLZR,Trailblazer Acquisition Corp. - Class A Ordinary Shares
BLZRU,Trailblazer Acquisition Corp. - Unit
BMBL,Bumble Inc. - common stock
BMEA,"Biomea Fusion, Inc. - Common Stock"
BMGL,Basel Medical Group Ltd - ordinary shares
BMHL,Bluemount Holdings Limited - Class B Ordinary Shares
BMR,Beamr Imaging Ltd. - Ordinary Share
BMRA,"Biomerica, Inc. - Common Stock"
BMRC,Bank of Marin Bancorp - Common Stock
BMRN,BioMarin Pharmaceutical Inc. - Common Stock
BNAI,Brand Engagement Network Inc. - Common Stock
BNBX,BNB Plus Corp. - Common Stock
BNC,CEA Industries Inc. - Common Stock
BNGO,"Bionano Genomics, Inc. - Common Stock"
BNKK,"Bonk, Inc. - Common Stock"
BNRG,Brenmiller Energy Ltd - Ordinary Shares
BNTC,Benitec Biopharma Inc. - Common Stock
BNZI,"Banzai International, Inc. - Class A Common Stock"
BODI,"The Beachbody Company, Inc. - Class A Common Stock"
BOED,Direxion Daily BA Bear 1X Shares
BOEU,Direxion Daily BA Bull 2X Shares
BOF,BranchOut Food Inc. - Common Stock
BOKF,BOK Financial Corporation - Common Stock
BOLD,"Boundless Bio, Inc. - Common Stock"
BOLT,"Bolt Biotherapeutics, Inc. - Common Stock"
BON,Bon Natural Life Limited - Class A Ordinary Shares
BOOM,DMC Global Inc. - Common Stock
BOSC,B.O.S. Better Online Solutions - Ordinary Shares
BOTJ,"Bank of the James Financial Group, Inc. - Common Stock"
BOXL,Boxlight Corporation - Class A Common Stock
BPACU,Blueport Acquisition Ltd - Units
BPOP,"Popular, Inc. - Common Stock"
BPRN,"Princeton Bancorp, Inc. - Common Stock"
BRAG,Bragg Gaming Group Inc. - Common Shares
BRBI,BRBI BR Partners S.A. - ADSs
BRCB,"Black Rock Coffee Bar, Inc. - Class A Common Stock"
BRFH,Barfresh Food Group Inc. - Common Stock
BRID,Bridgford Foods Corporation - Common Stock
BRKD,Direxion Daily BRKB Bear 1X Shares
BRKR,Bruker Corporation - Common Stock
BRKU,Direxion Daily BRKB Bull 2X Shares
BRLS,Borealis Foods Inc. - Class A Common Shares
BRLT,"Brilliant Earth Group, Inc. - Class A Common Stock"
BRR,Columbus Circle Capital Corp I - Class A Ordinary Shares
BRRWU,Columbus Circle Capital Corp I - Units
BRTX,"BioRestorative Therapies, Inc. - Common Stock"
BRY,Berry Corporation (bry) - Common Stock
BRZE,"Braze, Inc. - Class A Common Stock"
BSAA,BEST SPAC I Acquisition Corp. - Class A Ordinary Shares
BSAAR,BEST SPAC I Acquisition Corp. - Rights
BSAAU,BEST SPAC I Acquisition Corp. - Unit
BSBK,Bogota Financial Corp. - Common Stock
BSET,"Bassett Furniture Industries, Incorporated - Common Stock"
BSLK,"Bolt Projects Holdings, Inc. - Common Stock"
BSRR,Sierra Bancorp - Common Stock
BSVN,Bank7 Corp. - Common stock
BSY,"Bentley Systems, Incorporated - Class B Common Stock"
BTAI,"BioXcel Therapeutics, Inc. - Common Stock"
BTBD,"BT Brands, Inc. - Common Stock"
BTBT,"Bit Digital, Inc. - Ordinary Share"
BTCS,BTCS Inc. - Common Stock
BTCT,BTC Digital Ltd. - Ordinary Shares
BTDR,Bitdeer Technologies Group - Ordinary Shares
BTM,Bitcoin Depot Inc. - Class A Common Stock
BTMD,Biote Corp. - Class A common stock
BTOC,Armlogi Holding Corp. - common stock
BTOG,Bit Origin Limited - Class A Ordinary Shares
BTQ,BTQ Technologies Corp. - Common Stock
BTSG,"BrightSpring Health Services, Inc. - Common Stock"
BTSGU,"BrightSpring Health Services, Inc. - Tangible Equity Unit"
BTTC,Black Titan Corp - Ordinary Shares
BULL,Webull Corporation - Class A Ordinary Shares
BUSE,First Busey Corporation - Common Stock
BUUU,BUUU Group Limited - Class A Ordinary Share
BVFL,"BV Financial, Inc. - Common Stock"
BVS,Bioventus Inc. - Class A Common Stock
BWB,"Bridgewater Bancshares, Inc. - Common Stock"
BWEN,"Broadwind, Inc. - Common Stock"
BWFG,"Bankwell Financial Group, Inc. - Common Stock"
BWIN,"The Baldwin Insurance Group, Inc. - Class A Common Stock"
BWMN,Bowman Consulting Group Ltd. - Common Stock
BYAH,"Park Ha Biological Technology Co., Ltd. - ordinary shares"
BYFC,Broadway Financial Corporation - Class A Common Stock
BYND,"Beyond Meat, Inc. - Common stock"
BYRN,"Byrna Technologies, Inc. - Common Stock"
BYSI,"BeyondSpring, Inc. - Ordinary Shares"
BZ,KANZHUN LIMITED - American Depository Shares
BZAI,"Blaize Holdings, Inc. - Common Stock"
BZFD,"BuzzFeed, Inc. - Class A Common Stock"
CAAS,"China Automotive Systems, Inc. - Ordinary Share"
CABA,"Cabaletta Bio, Inc. - Common Stock"
CABR,"Caring Brands, Inc. - Common Stock"
CAC,Camden National Corporation - Common Stock
CACC,Credit Acceptance Corporation - Common Stock
CADL,"Candel Therapeutics, Inc. - Common Stock"
CAEP,"Cantor Equity Partners III, Inc. - Class A Ordinary Shares"
CAI,"Caris Life Sciences, Inc. - Common Stock"
CAKE,The Cheesecake Factory Incorporated - Common Stock
CALC,"CalciMedica, Inc. - Common Stock"
CALM,"Cal-Maine Foods, Inc. - Common Stock"
CAMP,CAMP4 Therapeutics Corporation - Common Stock
CAMT,Camtek Ltd. - Ordinary Shares
CAPN,Cayson Acquisition Corp - Ordinary Shares
CAPNR,Cayson Acquisition Corp - Right
CAPNU,Cayson Acquisition Corp - Units
CAPR,"Capricor Therapeutics, Inc. - Common Stock"
CAPS,Capstone Holding Corp. - Common Stock
CAPT,Captivision Inc. - Ordinary Shares
CAR,"Avis Budget Group, Inc. - Common Stock"
CARE,"Carter Bankshares, Inc. - Common Stock"
CARG,"CarGurus, Inc. - Class A Common Stock"
CARL,"Carlsmed, Inc. - Common Stock"
CART,Maplebear Inc. - Common Stock
CARV,"Carver Bancorp, Inc. - Common Stock"
CASH,"Pathward Financial, Inc. - Common Stock"
CASI,"CASI Pharmaceuticals, Inc. - Ordinary Shares"
CASS,"Cass Information Systems, Inc - Common Stock"
CASY,"Caseys General Stores, Inc. - Common Stock"
CATY,Cathay General Bancorp - Common Stock
CBAT,"CBAK Energy Technology, Inc. - Common Stock"
CBFV,"CB Financial Services, Inc. - Common Stock"
CBIO,"Crescent Biopharma, Inc. - Common Stock"
CBK,"Commercial Bancgroup, Inc. - Common Stock"
CBLL,"CeriBell, Inc. - Common Stock"
CBNK,"Capital Bancorp, Inc. - Common Stock"
CBRL,"Cracker Barrel Old Country Store, Inc. - Common Stock"
CBSH,"Commerce Bancshares, Inc. - Common Stock"
CBUS,"Cibus, Inc. - Class A Common Stock"
CCAP,"Crescent Capital BDC, Inc. - Common Stock"
CCB,Coastal Financial Corporation - Common Stock
CCBG,Capital City Bank Group - Common Stock
CCC,CCC Intelligent Solutions Holdings Inc. - Common Stock
CCCC,"C4 Therapeutics, Inc. - Common Stock"
CCCX,Churchill Capital Corp X - Class A Ordinary Shares
CCCXU,Churchill Capital Corp X - Unit
CCEC,Capital Clean Energy Carriers Corp. - Common Share
CCEP,Coca-Cola Europacific Partners plc - Ordinary Shares
CCG,Cheche Group Inc. - Class A Ordinary Shares
CCHH,CCH Holdings Ltd - Ordinary Shares
CCII,Cohen Circle Acquisition Corp. II - Class A Ordinary Shares
CCIIU,Cohen Circle Acquisition Corp. II - Unit
CCIX,Churchill Capital Corp IX - Ordinary Shares
CCIXU,Churchill Capital Corp IX - Unit
CCLD,"CareCloud, Inc. - Common Stock"
CCNE,CNB Financial Corporation - Common Stock
CCOI,"Cogent Communications Holdings, Inc. - Common Stock"
CCRN,"Cross Country Healthcare, Inc. - Common Stock"
CCSI,"Consensus Cloud Solutions, Inc. - Common Stock"
CCTG,CCSC Technology International Holdings Limited - Class A Ordinary Shares
CD,Chaince Digital Holdings Inc. - American Ordinary Shares
CDIO,Cardio Diagnostics Holdings Inc. - Common stock
CDLX,"Cardlytics, Inc. - Common Stock"
CDNA,"CareDx, Inc. - Common Stock"
CDNS,"Cadence Design Systems, Inc. - Common Stock"
CDRO,"Codere Online Luxembourg, S.A. - Ordinary Shares"
CDT,CDT Equity Inc. - Common Stock
CDTG,CDT Environmental Technology Investment Holdings Limited - ordinary shares
CDTX,"Cidara Therapeutics, Inc. - Common Stock"
CDW,CDW Corporation - Common Stock
CDXS,"Codexis, Inc. - Common Stock"
CDZI,"Cadiz, Inc. - Common Stock"
CECO,CECO Environmental Corp. - Common Stock
CEG,Constellation Energy Corporation - Common Stock When-Issued
CELC,Celcuity Inc. - Common Stock
CELH,"Celsius Holdings, Inc. - Common Stock"
CELU,Celularity Inc. - Class A Common Stock
CELZ,"Creative Medical Technology Holdings, Inc. - Common Stock"
CENN,Cenntro Inc. - Common Stock
CENT,Central Garden & Pet Company - Common Stock
CENTA,Central Garden & Pet Company - Class A Common Stock Nonvoting
CENX,Century Aluminum Company - Common Stock
CEP,"Cantor Equity Partners, Inc. - Class A ordinary shares"
CEPF,"Cantor Equity Partners IV, Inc. - Class A Ordinary Shares"
CEPO,"Cantor Equity Partners I, Inc. - Class A Ordinary Shares"
CEPT,"Cantor Equity Partners II, Inc. - Class A ordinary share"
CEPV,"Cantor Equity Partners V, Inc. - Class A Ordinary Shares"
CERS,Cerus Corporation - Common Stock
CERT,"Certara, Inc. - Common Stock"
CETX,Cemtrex Inc. - Common Stock
CETY,"Clean Energy Technologies, Inc. - Common Stock"
CEVA,"CEVA, Inc. - Common Stock"
CFBK,CF Bankshares Inc. - Common Stock
CFFI,C&F Financial Corporation - Common Stock
CFFN,"Capitol Federal Financial, Inc. - Common Stock"
CFLT,"Confluent, Inc. - Class A Common Stock"
CG,The Carlyle Group Inc. - Common Stock
CGC,Canopy Growth Corporation - Common Shares
CGCT,Cartesian Growth Corporation III - Class A Ordinary Shares
CGCTU,Cartesian Growth Corporation III - unit
CGEM,"Cullinan Therapeutics, Inc. - Common Stock"
CGEN,Compugen Ltd. - Ordinary Shares
CGNT,Cognyte Software Ltd. - Ordinary Shares
CGNX,Cognex Corporation - Common Stock
CGON,"CG Oncology, Inc. - Common stock"
CGTL,Creative Global Technology Holdings Limited - Class A Ordinary Shares
CGTX,"Cognition Therapeutics, Inc. - Common Stock"
CHAC,Crane Harbor Acquisition Corp. - Class A Ordinary Shares
CHACR,Crane Harbor Acquisition Corp. - Rights
CHACU,Crane Harbor Acquisition Corp. - Units
CHAI,"Core AI Holdings, Inc. - Common Shares"
CHAR,Charlton Aria Acquisition Corporation - Class A Ordinary Shares
CHARR,Charlton Aria Acquisition Corporation - Rights
CHARU,Charlton Aria Acquisition Corporation - Units
CHCI,"Comstock Holding Companies, Inc. - Class A Common Stock"
CHCO,City Holding Company - Common Stock
CHDN,"Churchill Downs, Incorporated - Common Stock"
CHEC,Chenghe Acquisition III Co. - Class A Ordinary Shares
CHECU,Chenghe Acquisition III Co. - Units
CHEF,"The Chefs' Warehouse, Inc. - Common Stock"
CHEK,Check-Cap Ltd. - Ordinary Share
CHKP,Check Point Software Technologies Ltd. - Ordinary Shares
CHMG,Chemung Financial Corp  - Common Stock
CHNR,"China Natural Resources, Inc. - Common Shares"
CHPG,ChampionsGate Acquisition Corporation - Class A Ordinary Share
CHPGR,ChampionsGate Acquisition Corporation - Rights
CHPGU,ChampionsGate Acquisition Corporation - Unit
CHR,"Cheer Holding, Inc.  - Class A Ordinary Share"
CHRD,Chord Energy Corporation - Common Stock
CHRS,"Coherus Oncology, Inc. - Common Stock"
CHRW,"C.H. Robinson Worldwide, Inc. - Common Stock"
CHSN,Chanson International Holding - Class A Ordinary Shares
CHTR,"Charter Communications, Inc. - Class A Common Stock"
CHYM,"Chime Financial, Inc. - Class A Common Stock"
CIFR,Cipher Mining Inc. - Common Stock
CIGI,Colliers International Group Inc.  - Subordinate Voting Shares
CIGL,Concorde International Group Ltd - Class A Ordinary Shares
CIIT,"Tianci International, Inc. - Common Stock"
CINF,Cincinnati Financial Corporation - Common Stock
CING,Cingulate Inc. - Common Stock
CISO,"CISO Global, Inc. - Common Stock"
CISS,C3is Inc. - Common Stock
CIVB,"Civista Bancshares, Inc.  - Common Stock"
CJET,"Chijet Motor Company, Inc. - Class A Ordinary Shares"
CJMB,Callan JMB Inc. - Common Stock
CLAR,Clarus Corporation - Common Stock
CLBK,"Columbia Financial, Inc. - Common Stock"
CLBT,Cellebrite DI Ltd. - Ordinary Shares
CLDX,"Celldex Therapeutics, Inc. - Common Stock"
CLFD,"Clearfield, Inc. - Common Stock"
CLGN,CollPlant Biotechnologies Ltd. - Ordinary Shares
CLIK,Click Holdings Limited - Ordinary Share
CLIR,ClearSign Technologies Corporation - Common Stock
CLMB,"Climb Global Solutions, Inc. - Common Stock"
CLMT,"Calumet, Inc - Common Stock"
CLNE,Clean Energy Fuels Corp. - Common Stock
CLNN,Clene Inc. - Common Stock
CLOV,"Clover Health Investments, Corp.  - Class A Common stock"
CLPS,CLPS Incorporation - Common Stock
CLPT,ClearPoint Neuro Inc. - Common Stock
CLRB,"Cellectar Biosciences, Inc. - Common Stock"
CLRO,"ClearOne, Inc. - Common Stock"
CLSD,"Clearside Biomedical, Inc. - Common Stock"
CLSK,"CleanSpark, Inc. - Common Stock"
CLST,"Catalyst Bancorp, Inc. - common stock"
CLWT,Euro Tech Holdings Company Limited - Ordinary Shares
CLYM,"Climb Bio, Inc. - Common Stock"
CMBM,Cambium Networks Corporation - Ordinary Shares
CMCO,Columbus McKinnon Corporation - Common Stock
CMCSA,Comcast Corporation - Class A Common Stock
CMCT,Creative Media  - Common Stock
CME,CME Group Inc. - Class A Common Stock
CMND,Clearmind Medicine Inc. - Common Shares
CMPR,Cimpress plc - Ordinary Shares
CMPS,COMPASS Pathways Plc - American Depository Shares
CMPX,"Compass Therapeutics, Inc. - Common Stock"
CMRC,"Commerce.com, Inc. - Series 1 Common Stock"
CMTL,Comtech Telecommunications Corp. - Common Stock
CNCK,Coincheck Group N.V. - Ordinary Shares
CNDT,Conduent Incorporated - Common Stock
CNET,ZW Data Action Technologies Inc. - Common Stock
CNEY,CN Energy Group Inc. - Class A Ordinary Shares
CNOB,"ConnectOne Bancorp, Inc. - Common Stock"
CNSP,"CNS Pharmaceuticals, Inc. - Common Stock"
CNTB,Connect Biopharma Holdings Limited - Ordinary Shares
CNTX,Context Therapeutics Inc. - Common Stock
CNTY,"Century Casinos, Inc. - Common Stock"
CNVS,Cineverse Corp. - Class A Common Stock
CNXC,Concentrix Corporation - Common Stock
CNXN,"PC Connection, Inc. - Common Stock"
COCH,"Envoy Medical, Inc. - Class A Common Stock"
COCO,"The Vita Coco Company, Inc. - Common Stock"
COCP,"Cocrystal Pharma, Inc. - Common Stock"
CODA,"Coda Octopus Group, Inc. - Common stock"
CODX,"Co-Diagnostics, Inc. - Common Stock"
COEP,"Coeptis Therapeutics Holdings, Inc. - Common Stock"
COFS,"ChoiceOne Financial Services, Inc. - Common Stock"
COGT,"Cogent Biosciences, Inc. - Common Stock"
COHU,"Cohu, Inc. - Common Stock"
COIN,"Coinbase Global, Inc. - Class A Common Stock"
COKE,"Coca-Cola Consolidated, Inc. - Common Stock"
COLA,Columbus Acquisition Corp - Ordinary Shares
COLAR,Columbus Acquisition Corp - Rights
COLAU,Columbus Acquisition Corp - Unit
COLB,"Columbia Banking System, Inc. - Common Stock"
COLL,"Collegium Pharmaceutical, Inc. - Common Stock"
COLM,Columbia Sportswear Company - Common Stock
COMM,"CommScope Holding Company, Inc. - Common Stock"
COO,"The Cooper Companies, Inc.  - Common Stock"
COOT,Australian Oilseeds Holdings Limited - Ordinary Shares
CORT,Corcept Therapeutics Incorporated - Common Stock
CORZ,"Core Scientific, Inc. - Common Stock"
COSM,Cosmos Health Inc. - Common Stock
COST,Costco Wholesale Corporation - Common Stock
COYA,"Coya Therapeutics, Inc. - Common Stock"
CPB,The Campbell's Company - Common Stock
CPBI,"Central Plains Bancshares, Inc. - Common Stock"
CPHC,Canterbury Park Holding Corporation - Common Stock
CPIX,Cumberland Pharmaceuticals Inc. - Common Stock
CPOP,"Pop Culture Group Co., Ltd - Class A Ordinary Shares"
CPRT,"Copart, Inc. - Common Stock"
CPRX,"Catalyst Pharmaceuticals, Inc. - Common Stock"
CPSH,CPS Technologies Corp. - Common Stock
CPSS,"Consumer Portfolio Services, Inc. - Common Stock"
CRACU,Crown Reserve Acquisition Corp. I - Unit
CRAI,"CRA International,Inc. - Common Stock"
CRAQ,Cal Redwood Acquisition Corp. - Class A Ordinary Shares
CRAQR,Cal Redwood Acquisition Corp. - Right
CRAQU,Cal Redwood Acquisition Corp. - Units
CRBP,"Corbus Pharmaceuticals Holdings, Inc. - Common Stock"
CRBU,"Caribou Biosciences, Inc. - Common Stock"
CRCT,"Cricut, Inc. - Class A common stock"
CRDF,"Cardiff Oncology, Inc. - Common Stock"
CRDL,Cardiol Therapeutics Inc. - Class A Common Shares
CRDO,Credo Technology Group Holding Ltd - Ordinary Shares
CRE,Cre8 Enterprise Limited - Class A Ordinary Shares
CREG,Smart Powerr Corp. - Common Stock
CREV,Carbon Revolution Public Limited Company - Ordinary Shares
CREX,"Creative Realities, Inc. - Common Stock"
CRGO,Freightos Limited - Ordinary shares
CRIS,"Curis, Inc. - Common Stock"
CRMD,CorMedix Inc. - Common Stock
CRML,Critical Metals Corp. - Ordinary Shares
CRMT,"America's Car-Mart, Inc. - Common Stock"
CRNC,Cerence Inc. - Common Stock
CRNT,Ceragon Networks Ltd. - Ordinary Shares
CRNX,"Crinetics Pharmaceuticals, Inc. - Common Stock"
CRON,Cronos Group Inc. - Common Share
CROX,"Crocs, Inc. - Common Stock"
CRSP,CRISPR Therapeutics AG - Common Shares
CRSR,"Corsair Gaming, Inc. - Common Stock"
CRUS,"Cirrus Logic, Inc. - Common Stock"
CRVL,CorVel Corp. - Common Stock
CRVO,CervoMed Inc. - Common Stock
CRVS,"Corvus Pharmaceuticals, Inc. - Common Stock"
CRWD,"CrowdStrike Holdings, Inc. - Class A Common Stock"
CRWS,"Crown Crafts, Inc. - Common Stock"
CRWV,"CoreWeave, Inc. - Class A Common Stock"
CSAI,"Cloudastructure, Inc. - Class A Common Stock"
CSBR,"Champions Oncology, Inc. - Common Stock"
CSCO,"Cisco Systems, Inc. - Common Stock"
CSGP,"CoStar Group, Inc. - Common Stock"
CSGS,"CSG Systems International, Inc. - Common Stock"
CSIQ,Canadian Solar Inc. - Common Shares
CSPI,CSP Inc. - Common Stock
CSTE,Caesarstone Ltd. - Ordinary Shares
CSTL,"Castle Biosciences, Inc. - Common stock"
CSWC,Capital Southwest Corporation - Common Stock
CSX,CSX Corporation - Common Stock
CTAS,Cintas Corporation - Common Stock
CTKB,"Cytek Biosciences, Inc. - Common Stock"
CTLP,"Cantaloupe, Inc. - Common Stock"
CTMX,"CytomX Therapeutics, Inc. - Common Stock"
CTNM,"Contineum Therapeutics, Inc. - Common stock"
CTNT,Cheetah Net Supply Chain Service Inc. - Class A Common Stock
CTOR,"Citius Oncology, Inc.  - Common Stock"
CTRM,Castor Maritime Inc. - Common Shares
CTRN,"Citi Trends, Inc. - Common Stock"
CTSH,Cognizant Technology Solutions Corporation - Class A Common Stock
CTSO,Cytosorbents Corporation - Common Stock
CTW,CTW Cayman - Class A Ordinary Shares
CTXR,"Citius Pharmaceuticals, Inc. - Common Stock"
CUB,Lionheart Holdings - Class A Ordinary Shares
CUBWU,Lionheart Holdings - Unit
CUE,"Cue Biopharma, Inc. - Common Stock"
CUPR,Cuprina Holdings (Cayman) Limited - Ordinary shares
CURI,CuriosityStream Inc.  - Class A Common Stock
CURR,Currenc Group Inc. - Ordinary Shares
CURX,Curanex Pharmaceuticals Inc - Common Stock
CV,"CapsoVision, Inc. - Common Stock"
CVAC,CureVac N.V. - Ordinary Shares
CVBF,CVB Financial Corporation - Common Stock
CVCO,"Cavco Industries, Inc. - Common Stock"
CVGI,"Commercial Vehicle Group, Inc. - Common Stock"
CVGW,"Calavo Growers, Inc. - Common Stock"
CVLT,"Commvault Systems, Inc. - Common Stock"
CVRX,"CVRx, Inc. - Common Stock"
CVV,CVD Equipment Corporation - Common Stock
CWBC,Community West Bancshares - Common Stock
CWCO,Consolidated Water Co. Ltd. - Ordinary Shares
CWD,CaliberCos Inc. - Class A Common Stock
CWST,"Casella Waste Systems, Inc. - Class A Common Stock"
CXAI,CXApp Inc. - Class A Common Stock
CXDO,"Crexendo, Inc. - Common Stock"
CYBR,CyberArk Software Ltd. - Ordinary Shares
CYCN,"Cyclerion Therapeutics, Inc. - Common Stock"
CYCU,"Cycurion, Inc. - Common Stock"
CYN,Cyngn Inc. - Common stock
CYPH,Cypherpunk Technologies Inc. - Common Stock
CYRX,"CryoPort, Inc. - Common Stock"
CYTK,"Cytokinetics, Incorporated - Common Stock"
CZFS,"Citizens Financial Services, Inc. - Common Stock"
CZNC,Citizens & Northern Corp - Common Stock
CZR,"Caesars Entertainment, Inc. - Common Stock"
CZWI,"Citizens Community Bancorp, Inc. - Common Stock"
DAAQ,Digital Asset Acquisition Corp. - Class A Ordinary shares
DAAQU,Digital Asset Acquisition Corp. - Units
DAIC,"CID HoldCo, Inc. - Common Stock"
DAIO,Data I/O Corporation - Common Stock
DAKT,"Daktronics, Inc. - Common Stock"
DARE,"Dare Bioscience, Inc. - Common Stock"
DASH,"DoorDash, Inc. - Common Stock"
DAVE,Dave Inc.  - Class A Common Stock
DAWN,"Day One Biopharmaceuticals, Inc. - Common Stock"
DBGI,"Digital Brands Group, Inc. - Common Stock"
DBX,"Dropbox, Inc. - Class A Common Stock"
DCBO,Docebo Inc. - Common Shares
DCGO,DocGo Inc. - Common Stock
DCOM,"Dime Community Bancshares, Inc. - Common Stock"
DCTH,"Delcath Systems, Inc. - Common Stock"
DDI,"DoubleDown Interactive Co., Ltd. - American Depository Shares"
DDOG,"Datadog, Inc. - Class A Common Stock"
DEFT,"Defi Technologies, Inc. - Common Stock"
DENN,Denny's Corporation - Common Stock
DERM,Journey Medical Corporation - Common Stock
DEVS,DevvStream Corp. - Common Stock
DFDV,DeFi Development Corp. - Common Stock
DFLI,Dragonfly Energy Holdings Corp - Common Stock
DFSC,"DEFSEC Technologies Inc. - common stock, no R/S concurrent with offering"
DGICA,"Donegal Group, Inc. - Class A Common Stock"
DGICB,"Donegal Group, Inc. - Class B Common Stock"
DGII,Digi International Inc. - Common Stock
DGLY,"Digital Ally, Inc. - Common Stock"
DGNX,Diginex Limited - Ordinary Shares
DGXX,Digi Power X Inc. - Common Subordinate Voting Shares
DH,Definitive Healthcare Corp. - Class A Common Stock
DHIL,"Diamond Hill Investment Group, Inc. - Class A Common Stock"
DIBS,"1stdibs.com, Inc. - Common Stock"
DIOD,Diodes Incorporated - Common Stock
DJCO,Daily Journal Corp. (S.C.) - Common Stock
DJT,Trump Media & Technology Group Corp. - Common Stock
DKI,DarkIris Inc. - Class A Ordinary Shares
DKNG,DraftKings Inc. - Class A Common Stock
DLHC,DLH Holdings Corp. - Common Stock
DLO,DLocal Limited - Class A Common Shares
DLPN,"Dolphin Entertainment, Inc. - Common Stock"
DLTH,Duluth Holdings Inc. - Class B Common Stock
DLTR,"Dollar Tree, Inc. - Common Stock"
DLXY,Delixy Holdings Limited - Ordinary Shares
DMAA,Drugs Made In America Acquisition Corp. - Ordinary Shares
DMAAR,Drugs Made In America Acquisition Corp. - Rights
DMAAU,Drugs Made In America Acquisition Corp. - Units
DMAC,DiaMedica Therapeutics Inc. - Common Stock
DMIIU,Drugs Made In America Acquisition II Corp. - Unit
DMLP,"Dorchester Minerals, L.P. - Common Units Representing Limited Partnership Interests"
DMRC,Digimarc Corporation - Common Stock
DNLI,Denali Therapeutics Inc. - Common Stock
DNMX,Dynamix Corporation III - Class A Ordinary Shares
DNMXU,Dynamix Corporation III - Unit
DNTH,"Dianthus Therapeutics, Inc. - Common Stock"
DNUT,"Krispy Kreme, Inc. - Common Stock"
DOCU,"DocuSign, Inc. - Common Stock"
DOGZ,Dogness (International) Corporation - Class A Common Stock
DOMH,Dominari Holdings Inc. - Common Stock
DOMO,"Domo, Inc. - Class B Common Stock"
DOOO,BRP Inc. - Common Subordinate Voting Shares
DORM,"Dorman Products, Inc. - Common Stock"
DOX,Amdocs Limited - Ordinary Shares
DPRO,Draganfly Inc. - Common Shares
DPZ,Domino's Pizza Inc - Common Stock
DRCT,"Direct Digital Holdings, Inc. - Class A Common Stock"
DRDB,Roman DBDR Acquisition Corp. II - Ordinary shares
DRDBU,Roman DBDR Acquisition Corp. II - Unit
DRIO,DarioHealth Corp. - Common Stock
DRMA,"Dermata Therapeutics, Inc. - Common Stock"
DRS,"Leonardo DRS, Inc. - Common Stock"
DRTS,Alpha Tau Medical Ltd. - Ordinary Shares
DRUG,Bright Minds Biosciences Inc. - common stock
DRVN,Driven Brands Holdings Inc. - Common Stock
DSGN,"Design Therapeutics, Inc. - Common Stock"
DSGR,"Distribution Solutions Group, Inc. - Common Stock"
DSGX,The Descartes Systems Group Inc. - Common Stock
DSP,Viant Technology Inc. - common stock
DSWL,"Deswell Industries, Inc. - Common Shares"
DSY,Big Tree Cloud Holdings Limited - Ordinary Shares
DTCK,Davis Commodities Limited - Class A Ordinary Shares
DTI,Drilling Tools International Corporation  - Common Stock
DTIL,"Precision BioSciences, Inc. - Common Stock"
DTSQ,DT Cloud Star Acquisition Corporation - Ordinary Shares
DTSQR,DT Cloud Star Acquisition Corporation - Right
DTSQU,DT Cloud Star Acquisition Corporation - Units
DTSS,Datasea Inc. - Common Stock
DTST,Data Storage Corporation - Common Stock
DUO,Fangdd Network Group Ltd. - Class A Ordinary Shares
DUOL,"Duolingo, Inc. - Class A Common Stock"
DUOT,"Duos Technologies Group, Inc. - Common Stock"
DVAX,Dynavax Technologies Corporation - Common Stock
DVLT,Datavault AI Inc. - Common Stock
DWSN,Dawson Geophysical Company - Common Stock
DWTX,"Dogwood Therapeutics, Inc.  - Common Stock"
DXCM,"DexCom, Inc. - Common Stock"
DXLG,"Destination XL Group, Inc. - Common Stock"
DXPE,"DXP Enterprises, Inc. - Common Stock"
DXST,Decent Holding Inc. - Class A Ordinary Shares
DYAI,"Dyadic International, Inc. - Common Stock"
DYCQ,DT Cloud Acquisition Corporation - Ordinary shares
DYCQR,DT Cloud Acquisition Corporation - Right
DYCQU,DT Cloud Acquisition Corporation - Unit
DYN,"Dyne Therapeutics, Inc. - Common Stock"
DYOR,Insight Digital Partners II - Class A Ordinary Shares
DYORU,Insight Digital Partners II - Units
EA,Electronic Arts Inc. - Common Stock
EBAY,eBay Inc. - Common Stock
EBC,"Eastern Bankshares, Inc. - Common Stock"
EBMT,"Eagle Bancorp Montana, Inc. - Common Stock"
EBON,Ebang International Holdings Inc. - Class A Ordinary Shares
ECBK,"ECB Bancorp, Inc. - Common Stock"
ECDA,"ECD Automotive Design, Inc. - Common Stock"
ECOR,"electroCore, Inc. - Common Stock"
ECPG,Encore Capital Group Inc - Common Stock
ECX,ECARX Holdings Inc. - Class A Ordinary shares
EDBL,Edible Garden AG Incorporated - Common Stock
EDHL,Everbright Digital Holding Limited - Ordinary Shares
EDIT,"Editas Medicine, Inc. - Common Stock"
EDRY,EuroDry Ltd. - Common Shares
EDSA,"Edesa Biotech, Inc. - Common Shares"
EDTK,Skillful Craftsman Education Technology Limited - Ordinary Share
EDUC,Educational Development Corporation - Common Stock
EEFT,"Euronet Worldwide, Inc. - Common Stock"
EEIQ,EpicQuest Education Group International Limited - Common Stock
EFOI,"Energy Focus, Inc. - Common Stock"
EFSC,Enterprise Financial Services Corporation - Common Stock
EFSI,Eagle Financial Services Inc - Common Stock
EFTY,"Etoiles Capital Group Co., Ltd. - Class A Ordinary Shares"
EGAN,eGain Corporation - Common Stock
EGBN,"Eagle Bancorp, Inc. - Common Stock"
EGHA,EGH Acquisition Corp. - Class A ordinary shares
EGHAR,EGH Acquisition Corp. - rights
EGHAU,EGH Acquisition Corp. - Unit
EGHT,8x8 Inc - Common stock
EH,EHang Holdings Limited - ADS
EHGO,Eshallgo Inc. - Class A Ordinary Shares
EHLD,Euroholdings Ltd. - Common Stock
EHTH,"eHealth, Inc. - Common Stock"
EJH,E-Home Household Service Holdings Limited - Ordinary shares
EKSO,"Ekso Bionics Holdings, Inc. - Common Stock"
ELAB,PMGC Holdings Inc. - Common Stock
ELBM,Electra Battery Materials Corporation - Common Stock
ELDN,"Eledon Pharmaceuticals, Inc. - Common Stock"
ELIL,Direxion Daily LLY Bull 2X Shares
ELIS,Direxion Daily LLY Bear 1X Shares
ELOG,Eastern International Ltd. - Ordinary Shares
