symbol,strategy,holding_hours,total_trades,wins,losses,flats_skipped,win_rate,avg_win_pct,avg_loss_pct,is_significant,p_value,ci_lower,ci_upper
BTC,momentum,24,174,90,84,183,0.5172413793103449,0.016324854136227772,0.015645091783960056,False,0.35238401155975785,0.44342489256318707,0.5903129955349858
BTC,momentum,48,174,91,83,182,0.5229885057471264,0.022951550385145198,0.021336138995302623,False,0.29788822870367876,0.44908114798770926,0.5959027028098545
BTC,momentum,72,173,85,88,182,0.4913294797687861,0.02785478432353495,0.02794804245577336,False,0.6194285145491665,0.4178343801711027,0.5652012856450854
BTC,momentum,168,171,86,85,180,0.5029239766081871,0.03410877053319318,0.04551600474680125,False,0.5000000000000003,0.4287463843461108,0.5769730782989346
BTC,momentum_strong,24,35,15,20,322,0.42857142857142855,0.017920866436086366,0.02141084411061151,False,0.8447476704604924,0.27984333081678914,0.5914287074102662
BTC,momentum_strong,48,35,20,15,321,0.5714285714285714,0.02612554642742266,0.030567467019290747,False,0.2497799166012556,0.4085712925897337,0.7201566691832108
BTC,momentum_strong,72,34,17,17,321,0.5,0.03283715616102,0.038801468139773136,False,0.5679168797796592,0.34069062628048985,0.6593093737195102
BTC,momentum_strong,168,34,17,17,317,0.5,0.0430031067677404,0.056190486981535524,False,0.5679168797796592,0.34069062628048985,0.6593093737195102
BTC,mean_reversion,24,84,42,42,273,0.5,0.018887758651240465,0.016597427276113602,False,0.5433988188877015,0.39543750035009767,0.6045624996499024
BTC,mean_reversion,48,84,41,43,272,0.4880952380952381,0.024848082060255912,0.02547450230202376,False,0.6281779069473978,0.3840817181332218,0.5931500262794481
BTC,mean_reversion,72,83,41,42,272,0.4939759036144578,0.031447831632439374,0.03199682292792151,False,0.5867976377754036,0.38908687956649984,0.5993979019207136
BTC,mean_reversion,168,82,39,43,269,0.47560975609756095,0.04632243502349239,0.04033981121547699,False,0.7094427729116766,0.37104798284402096,0.5823545632408609
BTC,mean_reversion_aggressive,24,174,84,90,183,0.4827586206896552,0.015645091783960056,0.016324854136227772,False,0.7021117712963212,0.40968700446501427,0.556575107436813
BTC,mean_reversion_aggressive,48,174,83,91,182,0.47701149425287354,0.021336138995302623,0.022951550385145198,False,0.7524155708557808,0.40409729719014553,0.5509188520122907
BTC,mean_reversion_aggressive,72,173,88,85,182,0.5086705202312138,0.02794804245577336,0.02785478432353495,False,0.439599371952146,0.4347987143549146,0.5821656198288974
BTC,mean_reversion_aggressive,168,171,85,86,180,0.49707602339181284,0.04551600474680125,0.03410877053319318,False,0.5607497646261654,0.4230269217010652,0.5712536156538891
BTC,ghost_inverse,24,83,42,41,274,0.5060240963855421,0.01606509378284244,0.0164214323036372,False,0.49999999999999983,0.4006020980792863,0.6109131204335001
BTC,ghost_inverse,48,83,40,43,273,0.4819277108433735,0.022474165567360174,0.0208691265496966,False,0.6695581761193923,0.3776300414382687,0.5878243030233717
BTC,ghost_inverse,72,82,41,41,273,0.5,0.03145000871860556,0.028899794189862296,False,0.5439216962236986,0.3942264272844117,0.6057735727155883
BTC,ghost_inverse,168,81,41,40,270,0.5061728395061729,0.046792379582719215,0.039700943694421,False,0.49999999999999994,0.3995059708753621,0.6122806998144883
BTC,ghost_inverse_strong,24,43,23,20,314,0.5348837209302325,0.015887901941791436,0.01405396013853189,False,0.38039582128067195,0.3891538972887278,0.6748917373608143
BTC,ghost_inverse_strong,48,42,22,20,314,0.5238095238095238,0.023775902093912817,0.02616305171769079,False,0.4388071643761577,0.3772221394020704,0.6664063552403504
BTC,ghost_inverse_strong,72,41,21,20,314,0.5121951219512195,0.03570656847012479,0.03130917608507593,False,0.5,0.36484259315865186,0.657458127600643
BTC,ghost_inverse_strong,168,41,24,17,310,0.5853658536585366,0.04376049108484331,0.04338125473890971,False,0.17444443972453882,0.433668353568366,0.7224366917466984
BTC,rsi,24,93,40,53,264,0.43010752688172044,0.017761347956020402,0.015082932425545191,False,0.9269114856764237,0.33423358533237524,0.5315265838511162
BTC,rsi,48,92,39,53,264,0.42391304347826086,0.019965270058659293,0.020871101974465022,False,0.9413149205843279,0.3279782090086152,0.5259474349706172
BTC,rsi,72,92,38,54,263,0.41304347826086957,0.026863212621587487,0.025240972128415126,False,0.9621198821179674,0.31788936478397756,0.5151685140494309
BTC,rsi,168,91,41,50,260,0.45054945054945056,0.04441503211393337,0.03797723867329898,False,0.8527651077157331,0.3523959894000537,0.5527089434564145
BTC,bollinger,24,45,19,26,312,0.4222222222222222,0.01730131372212504,0.010733156409009128,False,0.8836534040458446,0.28968487981687807,0.566994672040555
BTC,bollinger,48,45,22,23,311,0.4888888888888889,0.022802682847902243,0.02022564975142408,False,0.6170040878776035,0.3495678935302451,0.6299577567351026
BTC,bollinger,72,45,30,15,310,0.6666666666666666,0.02269627735744201,0.029431017941214773,True,0.017848901777597348,0.520702168092554,0.7864130779272324
BTC,bollinger,168,44,21,23,307,0.4772727272727273,0.03671089852858291,0.033727885151316986,False,0.674206086395543,0.3375475794427176,0.620647798638283
BTC,always_up,24,357,180,177,0,0.5042016806722689,0.014231692708040979,0.015246664167610193,False,0.45785992829254435,0.45256848381584364,0.5557454134731608
BTC,always_up,48,356,175,181,0,0.49157303370786515,0.020933257923734922,0.02162529238915319,False,0.6446529355640895,0.440008355990111,0.5433176407818019
BTC,always_up,72,355,179,176,0,0.504225352112676,0.025392106233255288,0.027761994077963016,False,0.4577418888759965,0.45244810870674773,0.5559121260040549
BTC,always_up,168,351,177,174,0,0.5042735042735043,0.037770541566794644,0.04110634233585742,False,0.4575028033651887,0.45220451061991046,0.5562499659690803
BTC,always_down,24,357,177,180,0,0.4957983193277311,0.015246664167610193,0.014231692708040979,False,0.5838119203959401,0.44425458652683925,0.5474315161841564
BTC,always_down,48,356,181,175,0,0.5084269662921348,0.02162529238915319,0.020933257923734922,False,0.3955272470610296,0.45668235921819805,0.559991644009889
BTC,always_down,72,355,176,179,0,0.49577464788732395,0.027761994077963016,0.025392106233255288,False,0.5840440645818175,0.444087873995945,0.5475518912932522
BTC,always_down,168,351,174,177,0,0.49572649572649574,0.04110634233585742,0.037770541566794644,False,0.5845141989573656,0.4437500340309198,0.5477954893800896
BTC,random,24,357,188,169,0,0.5266106442577031,0.01523745861203596,0.014175869976636805,False,0.17038634519906984,0.4748094120947881,0.577845270735573
BTC,random,48,356,174,182,0,0.4887640449438202,0.022197458580971184,0.02041285860440303,False,0.6832877265497819,0.43723500250467545,0.5405329931912085
BTC,random,72,355,168,187,0,0.4732394366197183,0.025910485057418824,0.02715687959266216,False,0.8557732899208101,0.42186544207813126,0.5251864047534514
BTC,random,168,351,175,176,0,0.4985754985754986,0.04387185049042086,0.035001793113285176,False,0.5424971966348113,0.4465665220500268,0.5506153190869765
ETH,momentum,24,243,131,112,114,0.5390946502057613,0.029734706249477015,0.024001563042277813,False,0.12407987411003973,0.4762982943477079,0.6006741446577109
ETH,momentum,48,242,132,110,114,0.5454545454545454,0.04144096528751385,0.03677548393341851,False,0.08845794600529011,0.48249637285610747,0.6069921433266704
ETH,momentum,72,241,122,119,114,0.5062240663900415,0.05346408653041033,0.045263212215974936,False,0.4487629958476216,0.443501033597758,0.5687517861845011
ETH,momentum,168,239,118,121,112,0.49372384937238495,0.07634785198682402,0.06887173006812883,False,0.6020488049507944,0.4309404808663709,0.5567057873183225
ETH,momentum_strong,24,103,57,46,254,0.5533980582524272,0.03346342608914667,0.02777756441124141,False,0.1622393901440328,0.45719037245005417,0.645765779460812
ETH,momentum_strong,48,102,56,46,254,0.5490196078431373,0.048881568843651975,0.0351939616557405,False,0.18647183404181467,0.4524253919116267,0.6420554171464375
ETH,momentum_strong,72,101,51,50,254,0.504950495049505,0.06376439939169817,0.04306878960029431,False,0.49999999999999956,0.40906319132283897,0.6004750072548249
ETH,momentum_strong,168,100,53,47,251,0.53,0.09170734337742044,0.06895266617076276,False,0.3086497067946262,0.4328868313724773,0.6248934801789626
ETH,mean_reversion,24,166,76,90,191,0.4578313253012048,0.025824693085704776,0.02996936247440756,False,0.8778750364396639,0.3838493557715593,0.5337208979236483
ETH,mean_reversion,48,165,76,89,191,0.46060606060606063,0.035922324399803876,0.04357720603400951,False,0.8621429713850884,0.38631151790521195,0.5366932392162558
ETH,mean_reversion,72,164,76,88,191,0.4634146341463415,0.047878762359958194,0.05503053506912254,False,0.8449807185982797,0.38880582103905165,0.5396981970351327
ETH,mean_reversion,168,162,83,79,189,0.5123456790123457,0.062001874212725516,0.08349941362144224,False,0.40687670608895216,0.4359832960718685,0.5881361046092636
ETH,mean_reversion_aggressive,24,243,112,131,114,0.4609053497942387,0.024001563042277813,0.029734706249477015,False,0.9003035865363096,0.39932585534228904,0.523701705652292
ETH,mean_reversion_aggressive,48,242,110,132,114,0.45454545454545453,0.03677548393341851,0.04144096528751385,False,0.9304431129020185,0.3930078566733296,0.5175036271438926
ETH,mean_reversion_aggressive,72,241,119,122,114,0.49377593360995853,0.045263212215974936,0.05346408653041033,False,0.6016340574170125,0.4312482138154988,0.556498966402242
ETH,mean_reversion_aggressive,168,239,121,118,112,0.5062761506276151,0.06887173006812883,0.07634785198682402,False,0.4485503941706408,0.4432942126816776,0.5690595191336292
ETH,ghost_inverse,24,107,46,61,250,0.42990654205607476,0.02431248036273399,0.03192778515849741,False,0.9392437890618779,0.34013913708365806,0.5245326107077849
ETH,ghost_inverse,48,106,47,59,250,0.44339622641509435,0.03242133095215831,0.03934720258009994,False,0.8967508963201452,0.3524492353273998,0.5383025381354777
ETH,ghost_inverse,72,105,51,54,250,0.4857142857142857,0.04072808523048351,0.0540797407549965,False,0.6517661685041618,0.39232024499960055,0.5801167643791664
ETH,ghost_inverse,168,104,51,53,247,0.49038461538461536,0.06726545352632853,0.06897038204569725,False,0.6156040949306639,0.39637419660186013,0.5850800844918921
ETH,ghost_inverse_strong,24,80,40,40,277,0.5,0.024225932684852403,0.02279917835416597,False,0.5444639393869537,0.392972274311075,0.607027725688925
ETH,ghost_inverse_strong,48,79,45,34,277,0.569620253164557,0.03330970359098008,0.033835138679716346,False,0.13021276294862175,0.4597200056030372,0.6730635234451705
ETH,ghost_inverse_strong,72,78,48,30,277,0.6153846153846154,0.04005018034172985,0.049376953101224794,True,0.026772196084251132,0.5044258131764942,0.7155112359525552
ETH,ghost_inverse_strong,168,78,38,40,273,0.48717948717948717,0.06680071743721128,0.06144899419229325,False,0.6328289834850767,0.37948764475056745,0.5960749053462049
ETH,rsi,24,95,48,47,262,0.5052631578947369,0.021983820905931064,0.03492983690557255,False,0.5000000000000001,0.4064912522418622,0.6036259453753354
ETH,rsi,48,94,42,52,262,0.44680851063829785,0.03317217755074489,0.05069491146276627,False,0.8717788255335154,0.35036203477936345,0.5474319506010882
ETH,rsi,72,94,36,58,261,0.3829787234042553,0.047001834873780304,0.06035964411486257,False,0.9913952022070348,0.2911404875065257,0.48400628033046794
ETH,rsi,168,92,42,50,259,0.45652173913043476,0.0717531864425715,0.09253225490202803,False,0.825929354840397,0.35852497382933834,0.5580039655873659
ETH,rsi_extreme,24,32,16,16,325,0.5,0.02095064156828374,0.037769607130171065,False,0.5699749670457095,0.33630614316859386,0.6636938568314061
ETH,rsi_extreme,48,31,18,13,325,0.5806451612903226,0.029373729038764815,0.06408742832604486,False,0.23656482994556427,0.40765964352020967,0.7358469692645074
ETH,rsi_extreme,72,31,15,16,324,0.4838709677419355,0.042475681236043845,0.07501112387006524,False,0.639949934091419,0.3196998603127883,0.6515988171302683
ETH,rsi_extreme,168,30,13,17,321,0.43333333333333335,0.06373383136371415,0.0842055553179104,False,0.8192026959732175,0.2737723743061511,0.6080299045459127
ETH,bollinger,24,45,27,18,312,0.6,0.019867972554417062,0.033639252313906,False,0.11634659595415542,0.4545159420914473,0.7297532055204246
ETH,bollinger,48,45,20,25,311,0.4444444444444444,0.03340546133573197,0.041362161358579216,False,0.8143509827644948,0.30938708549039107,0.5882411658363468
ETH,bollinger,72,45,23,22,310,0.5111111111111111,0.049296231771148086,0.06102533925526503,False,0.5,0.3700422432648975,0.6504321064697549
ETH,bollinger,168,45,19,26,306,0.4222222222222222,0.08652787415754375,0.10471245362627363,False,0.8836534040458446,0.28968487981687807,0.566994672040555
ETH,always_up,24,357,181,176,0,0.5070028011204482,0.024986096706270576,0.02507360321482434,False,0.4161880796040599,0.4553429869792971,0.5585135085023769
ETH,always_up,48,356,184,172,0,0.5168539325842697,0.03637891497248535,0.037104743209671914,False,0.27997755415234826,0.4650411457239424,0.5683068607322318
ETH,always_up,72,355,187,168,0,0.5267605633802817,0.04673724696796998,0.048499267700883565,False,0.16970785322189674,0.4748135952465487,0.5781345579218689
ETH,always_up,168,351,175,176,0,0.4985754985754986,0.08018291713036907,0.06862958463916566,False,0.5424971966348113,0.4465665220500268,0.5506153190869765
ETH,always_down,24,357,176,181,0,0.49299719887955185,0.02507360321482434,0.024986096706270576,False,0.6245628442515301,0.4414864914976232,0.544657013020703
ETH,always_down,48,356,172,184,0,0.48314606741573035,0.037104743209671914,0.03637891497248535,False,0.7545610677961927,0.4316931392677683,0.5349588542760577
ETH,always_down,72,355,168,187,0,0.4732394366197183,0.048499267700883565,0.04673724696796998,False,0.8557732899208101,0.42186544207813126,0.5251864047534514
ETH,always_down,168,351,176,175,0,0.5014245014245015,0.06862958463916566,0.08018291713036907,False,0.49999999999999933,0.44938468091302364,0.5534334779499733
ETH,random,24,357,185,172,0,0.5182072829131653,0.025070221188900028,0.0249851555214974,False,0.2627082431780781,0.46645702892921925,0.5695698593231332
ETH,random,48,356,191,165,0,0.5365168539325843,0.0377210910654149,0.035581865415191684,False,0.0925472613477309,0.48460159468493047,0.5876524193034467
ETH,random,72,355,194,161,0,0.5464788732394367,0.048704974673632814,0.04620482652219913,True,0.044646784174678864,0.4944690561728964,0.5974935256459342
ETH,random,168,351,184,167,0,0.5242165242165242,0.07488489906199304,0.07384428722695222,False,0.19656326320741532,0.4719901360430712,0.5759185646278762
SOL,momentum,24,274,134,140,83,0.48905109489051096,0.03232118798182175,0.02930110959191551,False,0.6637718061675926,0.4304231374562342,0.5479818242197712
SOL,momentum,48,274,136,138,82,0.49635036496350365,0.044472325976478766,0.04370793445597303,False,0.5718880429684995,0.4376091253236368,0.5551925285683651
SOL,momentum,72,273,130,143,82,0.47619047619047616,0.05287061150270609,0.05053699661850849,False,0.8015705057262124,0.41768742296177364,0.5353543164299941
SOL,momentum,168,270,137,133,81,0.5074074074074074,0.0744189049597697,0.08168225984948611,False,0.4275875593845873,0.4480888147585228,0.5665181697171741
SOL,momentum_strong,24,140,71,69,217,0.5071428571428571,0.030844586411080014,0.033237432161150576,False,0.4663433777256839,0.42524858696311707,0.5886555965276117
SOL,momentum_strong,48,140,71,69,216,0.5071428571428571,0.04530972023002562,0.047847954625549055,False,0.4663433777256839,0.42524858696311707,0.5886555965276117
SOL,momentum_strong,72,139,60,79,216,0.4316546762589928,0.05432675635477928,0.05405670426306058,False,0.9552738425027654,0.3522444693584572,0.5147410586669918
SOL,momentum_strong,168,136,63,73,215,0.4632352941176471,0.07898690966129791,0.07923672515653704,False,0.8272037170695574,0.38159140797996516,0.5468991127234593
SOL,mean_reversion,24,196,104,92,161,0.5306122448979592,0.029850440939801978,0.029902585830419933,False,0.2160556171271352,0.4608274044804224,0.599220153185249
SOL,mean_reversion,48,196,104,92,160,0.5306122448979592,0.04423221493279927,0.0441490182469309,False,0.2160556171271352,0.4608274044804224,0.599220153185249
SOL,mean_reversion,72,195,108,87,160,0.5538461538461539,0.05250035746759981,0.051251725938341666,False,0.07594721973521483,0.4837041788288348,0.6219075241548468
SOL,mean_reversion,168,192,96,96,159,0.5,0.08040161584430197,0.07503875427906392,False,0.5287537151733879,0.42997169712955335,0.5700283028704467
SOL,mean_reversion_aggressive,24,274,140,134,83,0.5109489051094891,0.02930110959191551,0.03232118798182175,False,0.38133476849378056,0.45201817578022885,0.5695768625437658
SOL,mean_reversion_aggressive,48,274,138,136,82,0.5036496350364964,0.04370793445597303,0.044472325976478766,False,0.4759209953163763,0.444807471431635,0.5623908746763633
SOL,mean_reversion_aggressive,72,273,143,130,82,0.5238095238095238,0.05053699661850849,0.05287061150270609,False,0.2338681674133669,0.46464568357000596,0.5823125770382264
SOL,mean_reversion_aggressive,168,270,133,137,81,0.4925925925925926,0.08168225984948611,0.0744189049597697,False,0.6195139849947162,0.43348183028282583,0.5519111852414772
SOL,ghost_inverse,24,137,68,69,220,0.49635036496350365,0.03143358536736248,0.036208658403173555,False,0.5677975124950257,0.41387476724711403,0.5790250578045754
SOL,ghost_inverse,48,137,68,69,219,0.49635036496350365,0.04398945388608311,0.04601129713735025,False,0.5677975124950257,0.41387476724711403,0.5790250578045754
SOL,ghost_inverse,72,136,69,67,219,0.5073529411764706,0.05498768183041032,0.05679112033372173,False,0.4658538075754982,0.4242876511786049,0.5900142446807102
SOL,ghost_inverse,168,134,67,67,217,0.5,0.08382289093862959,0.08206855857062038,False,0.5343991271832025,0.4165289411016035,0.5834710588983965
SOL,ghost_inverse_strong,24,99,51,48,258,0.5151515151515151,0.02991285628950403,0.03302383916600866,False,0.4204107626128212,0.4179916540057243,0.6111794207344587
SOL,ghost_inverse_strong,48,98,53,45,258,0.5408163265306123,0.04344128472925043,0.05068886840326766,False,0.2398462497837432,0.4424786494488038,0.6360747118495262
SOL,ghost_inverse_strong,72,97,50,47,258,0.5154639175257731,0.049935946747890064,0.053312352502721254,False,0.41960683092204126,0.41732951901522114,0.6124201081227854
SOL,ghost_inverse_strong,168,96,47,49,255,0.4895833333333333,0.07534020645346703,0.07931968190801261,False,0.6201753558381851,0.39192689394846364,0.5880413757908035
SOL,rsi,24,92,42,50,265,0.45652173913043476,0.03235595676478453,0.03198722161627339,False,0.825929354840397,0.35852497382933834,0.5580039655873659
SOL,rsi,48,92,43,49,264,0.4673913043478261,0.04106069330124564,0.044988101230194026,False,0.7671462771134688,0.36879946305290146,0.5685972415096268
SOL,rsi,72,92,43,49,263,0.4673913043478261,0.045077541137533934,0.05255446840318727,False,0.7671462771134688,0.36879946305290146,0.5685972415096268
SOL,rsi,168,90,40,50,261,0.4444444444444444,0.0857100735066408,0.07855846496801888,False,0.8769467751418608,0.34615486330171846,0.5472825887451348
SOL,rsi_extreme,24,31,13,18,326,0.41935483870967744,0.019631587317273436,0.03375253530082834,False,0.8594792424701154,0.26415303073549257,0.5923403564797902
SOL,rsi_extreme,48,31,13,18,325,0.41935483870967744,0.034828647350613674,0.038511231918486905,False,0.8594792424701154,0.26415303073549257,0.5923403564797902
SOL,rsi_extreme,72,31,16,15,324,0.5161290322580645,0.04267051261903845,0.06361715081411784,False,0.5,0.34840118286973176,0.6803001396872117
SOL,rsi_extreme,168,31,17,14,320,0.5483870967741935,0.058091139459444316,0.08194442092684294,False,0.360050065908581,0.37771879603669134,0.7083851716341388
SOL,always_up,24,357,177,180,0,0.4957983193277311,0.02981744015872832,0.03131176169175227,False,0.5838119203959401,0.44425458652683925,0.5474315161841564
SOL,always_up,48,356,178,178,0,0.5,0.040761937853615426,0.04457823871686817,False,0.5211290555620018,0.4483380980149866,0.5516619019850134
SOL,always_up,72,355,172,183,0,0.48450704225352115,0.05081426889611834,0.05316551387411205,False,0.7378738684277961,0.4329636423391857,0.5363821637212043
SOL,always_up,168,351,171,180,0,0.48717948717948717,0.07460467898632966,0.08162530433740274,False,0.7032148459765326,0.4353105974524923,0.5393259727805356
SOL,always_down,24,357,180,177,0,0.5042016806722689,0.03131176169175227,0.02981744015872832,False,0.45785992829254435,0.45256848381584364,0.5557454134731608
SOL,always_down,48,356,178,178,0,0.5,0.04457823871686817,0.040761937853615426,False,0.5211290555620018,0.4483380980149866,0.5516619019850134
SOL,always_down,72,355,183,172,0,0.5154929577464789,0.05316551387411205,0.05081426889611834,False,0.2978289767324939,0.46361783627879577,0.5670363576608143
SOL,always_down,168,351,180,171,0,0.5128205128205128,0.08162530433740274,0.07460467898632966,False,0.33471694289651127,0.4606740272194644,0.5646894025475077
SOL,random,24,357,184,173,0,0.5154061624649859,0.02977446790802823,0.03141793015915102,False,0.2983449138012829,0.4636761128518074,0.5668081772078754
SOL,random,48,356,176,180,0,0.4943820224719101,0.04093266795769271,0.04436889927217869,False,0.6044727529389704,0.4427833232970829,0.5461006745508591
SOL,random,72,355,173,182,0,0.48732394366197185,0.052061741392461836,0.05199264850658771,False,0.702171023267506,0.4357422618235838,0.5391770340440081
SOL,random,168,351,181,170,0,0.5156695156695157,0.07918478886048065,0.07716181237439923,False,0.2967851540234674,0.4635005435235551,0.5674992039694109
XRP,momentum,24,245,110,135,112,0.4489795918367347,0.032454776991035855,0.025017276143177506,False,0.9517510819872047,0.3879617604468501,0.5115727225334876
XRP,momentum,48,244,117,127,112,0.47950819672131145,0.041490691157384574,0.039815135490336946,False,0.759308575227245,0.4176273692117933,0.5420242792604567
XRP,momentum,72,243,110,133,112,0.45267489711934156,0.051931372508408714,0.05100146764005419,False,0.9382593402697025,0.39131117094121515,0.5155116660522251
XRP,momentum,168,239,104,135,112,0.4351464435146444,0.07429786375264222,0.07233061366595313,False,0.9808808476091393,0.37380766876910937,0.4985371024727207
XRP,momentum_strong,24,120,54,66,237,0.45,0.03668581066582162,0.028353529703022063,False,0.8823983160137373,0.3639158452162006,0.5391861818893925
XRP,momentum_strong,48,119,51,68,237,0.42857142857142855,0.05092550882259026,0.04282908103956594,False,0.9507381862988713,0.3432630208001519,0.5183473782828948
XRP,momentum_strong,72,118,55,63,237,0.4661016949152542,0.055182481297249196,0.05969558452697795,False,0.7962572327555497,0.37858563103599213,0.555755349384488
XRP,momentum_strong,168,118,49,69,233,0.4152542372881356,0.07968083439507703,0.07549045032205318,False,0.9736258251613042,0.33038729052795845,0.5054651605232424
XRP,mean_reversion,24,170,92,78,187,0.5411764705882353,0.024937424334109438,0.03418656845111694,False,0.15937064205262694,0.46618597862233596,0.6143471043681565
XRP,mean_reversion,48,169,93,76,187,0.5502958579881657,0.04172741698313627,0.04599820714108152,False,0.10914681099252524,0.4750054909005269,0.6233504604445198
XRP,mean_reversion,72,168,91,77,187,0.5416666666666666,0.055822018783856245,0.05456986035532103,False,0.15793745580649485,0.4662306656259674,0.6152397117448205
XRP,mean_reversion,168,165,90,75,186,0.5454545454545454,0.07546308885500792,0.07514847294558583,False,0.1378570286149116,0.4693055432797876,0.6195351215800574
XRP,mean_reversion_aggressive,24,245,135,110,112,0.5510204081632653,0.025017276143177506,0.032454776991035855,False,0.06251379809543231,0.4884272774665123,0.6120382395531498
XRP,mean_reversion_aggressive,48,244,127,117,112,0.5204918032786885,0.039815135490336946,0.041490691157384574,False,0.2822963279597846,0.4579757207395432,0.5823726307882067
XRP,mean_reversion_aggressive,72,243,133,110,112,0.5473251028806584,0.05100146764005419,0.051931372508408714,False,0.07900741655163628,0.48448833394777485,0.6086888290587847
XRP,mean_reversion_aggressive,168,239,135,104,112,0.5648535564853556,0.07233061366595313,0.07429786375264222,True,0.02604326536363218,0.5014628975272792,0.6261923312308906
XRP,ghost_inverse,24,132,67,65,225,0.5075757575757576,0.025305362937472476,0.027718822205864843,False,0.4653422327627885,0.42328760705491464,0.5914354232980846
XRP,ghost_inverse,48,131,64,67,225,0.48854961832061067,0.03944331285221967,0.034373360867471794,False,0.636561948516772,0.4045028423085701,0.5732488307656145
XRP,ghost_inverse,72,130,68,62,225,0.5230769230769231,0.05276982080589006,0.048520322239152286,False,0.3305848415694082,0.4377930468307173,0.6070360645965222
XRP,ghost_inverse,168,128,66,62,223,0.515625,0.07564381300552303,0.06339564375003269,False,0.39550372470143896,0.42986091219393446,0.6004785254342495
XRP,ghost_inverse_strong,24,87,45,42,270,0.5172413793103449,0.026811368013804106,0.023321425971683716,False,0.4151865048428771,0.4137493791703159,0.6192751382314033
XRP,ghost_inverse_strong,48,86,46,40,270,0.5348837209302325,0.03863356046866242,0.04059368652032541,False,0.2950178055742783,0.43024115998789875,0.6365430468828602
XRP,ghost_inverse_strong,72,85,43,42,270,0.5058823529411764,0.05326480883894285,0.04796014702385257,False,0.4999999999999995,0.40166252134606184,0.609593466839653
XRP,ghost_inverse_strong,168,85,44,41,266,0.5176470588235295,0.06980159824590754,0.0633653146716232,False,0.4142116370824501,0.41297360126349636,0.6207943632936481
XRP,rsi,24,94,48,46,263,0.5106382978723404,0.02209589615503087,0.03463037109644211,False,0.45896153365787173,0.41116709806344404,0.6092741048604655
XRP,rsi,48,93,43,50,263,0.46236559139784944,0.031380272798821524,0.037437580054170486,False,0.7965378159769329,0.36454451284102324,0.5631725013347029
XRP,rsi,72,93,40,53,262,0.43010752688172044,0.048579143171539704,0.04533206618824538,False,0.9269114856764237,0.33423358533237524,0.5315265838511162
XRP,rsi,168,90,51,39,261,0.5666666666666667,0.06704192634467128,0.07422178200991383,False,0.12305322485813919,0.4636391101764269,0.664235947367349
XRP,bollinger,24,43,21,22,314,0.4883720930232558,0.021001358481631517,0.02678119426212079,False,0.619604178719328,0.34617209277756,0.6324793623392592
XRP,bollinger,48,43,19,24,313,0.4418604651162791,0.04053796835981078,0.037655427943077226,False,0.8198111735321163,0.3043308562392133,0.5889264193448829
XRP,bollinger,72,43,20,23,312,0.46511627906976744,0.054097687185956575,0.047432964769139295,False,0.728807994071758,0.32510826263918563,0.6108461027112722
XRP,bollinger,168,42,23,19,309,0.5476190476190477,0.05784763481104021,0.08196287903624555,False,0.32198447818518616,0.39948862747122693,0.6877683618136149
XRP,always_up,24,357,165,192,0,0.46218487394957986,0.029347244193581798,0.0260604208546637,False,0.9308738365405079,0.41114337795257705,0.5140315464463837
XRP,always_up,48,356,165,191,0,0.46348314606741575,0.04115243162962564,0.037221598416980396,False,0.9238347087598899,0.41234758069655336,0.5153984053150695
XRP,always_up,72,355,166,189,0,0.4676056338028169,0.05048574092183535,0.046720143469554276,False,0.8986635355889104,0.4163261252414565,0.5195787419757224
XRP,always_up,168,351,153,198,0,0.4358974358974359,0.08002705261326375,0.06653306772760269,False,0.993019137967645,0.38499147523930416,0.48819137592583545
XRP,always_down,24,357,192,165,0,0.5378151260504201,0.0260604208546637,0.029347244193581798,False,0.08435627629392019,0.48596845355361634,0.588856622047423
XRP,always_down,48,356,191,165,0,0.5365168539325843,0.037221598416980396,0.04115243162962564,False,0.0925472613477309,0.48460159468493047,0.5876524193034467
XRP,always_down,72,355,189,166,0,0.532394366197183,0.046720143469554276,0.05048574092183535,False,0.12145632684528258,0.48042125802427765,0.5836738747585435
XRP,always_down,168,351,198,153,0,0.5641025641025641,0.06653306772760269,0.08002705261326375,True,0.009359574285458302,0.5118086240741646,0.6150085247606958
XRP,random,24,357,182,175,0,0.5098039215686274,0.029651012168508538,0.02542521075067356,False,0.3754371557484699,0.4581190925494907,0.5612800011248529
XRP,random,48,356,186,170,0,0.5224719101123596,0.03837690268184306,0.03977278010416869,False,0.21332734855435198,0.4706217482521677,0.5738422603560644
XRP,random,72,355,183,172,0,0.5154929577464789,0.04604780250741788,0.05106972238321487,False,0.2978289767324939,0.46361783627879577,0.5670363576608143
XRP,random,168,351,178,173,0,0.5071225071225072,0.06783772648523438,0.07712468870244488,False,0.41548580104263444,0.455026011331688,0.5590647829832966
AVAX,momentum,24,270,144,126,87,0.5333333333333333,0.03423908684292928,0.03346654846559986,False,0.15042600252106733,0.47377452821457033,0.5919569019260656
AVAX,momentum,48,269,136,133,87,0.5055762081784386,0.0500145064358912,0.047592250279995335,False,0.45148723190297574,0.4461718203461865,0.5648235703860184
AVAX,momentum,72,268,132,136,87,0.4925373134328358,0.05555176143066472,0.05657130357882598,False,0.6199452465534692,0.4332107638284379,0.5520747848145955
AVAX,momentum,168,264,141,123,87,0.5340909090909091,0.08087193471208547,0.09284643547837856,False,0.14770956988031878,0.47385857013918475,0.593345329479097
AVAX,momentum_strong,24,153,80,73,204,0.5228758169934641,0.03450304483027615,0.03564553785069916,False,0.3138854536001843,0.4441434424419078,0.6004875738190842
AVAX,momentum_strong,48,152,75,77,204,0.4934210526315789,0.04720077729949781,0.04672972950274768,False,0.5960768451982357,0.4150871957689922,0.572079260427556
AVAX,momentum_strong,72,151,69,82,204,0.45695364238410596,0.05383821899032851,0.05750441322756468,False,0.8727498533287046,0.3795510128200621,0.5364922210395724
AVAX,momentum_strong,168,149,79,70,202,0.5302013422818792,0.06912331163881247,0.08917454578378964,False,0.25617823845475957,0.4503139951876839,0.6085704969924556
AVAX,mean_reversion,24,198,99,99,159,0.5,0.034942026813689485,0.03488791848626357,False,0.5283158185976161,0.4310203898414545,0.5689796101585455
AVAX,mean_reversion,48,197,101,96,159,0.5126903553299492,0.04831597674281777,0.05050812847626505,False,0.38786935835343983,0.44331834741068527,0.5815768934159163
AVAX,mean_reversion,72,196,103,93,159,0.5255102040816326,0.05657667166007628,0.053915894985296434,False,0.26021109794085107,0.4557844434379863,0.594255187950073
AVAX,mean_reversion,168,194,91,103,157,0.4690721649484536,0.09422729426068342,0.07254816653821541,False,0.8246651634129231,0.40013008984426324,0.5392153258822575
AVAX,mean_reversion_aggressive,24,270,126,144,87,0.4666666666666667,0.03346654846559986,0.03423908684292928,False,0.8762457074048552,0.40804309807393435,0.5262254717854297
AVAX,mean_reversion_aggressive,48,269,133,136,87,0.4944237918215613,0.047592250279995335,0.0500145064358912,False,0.596312113133799,0.43517642961398145,0.5538281796538134
AVAX,mean_reversion_aggressive,72,268,136,132,87,0.5074626865671642,0.05657130357882598,0.05555176143066472,False,0.42732102028587,0.4479252151854046,0.5667892361715622
AVAX,mean_reversion_aggressive,168,264,123,141,87,0.4659090909090909,0.09284643547837856,0.08087193471208547,False,0.8788995395972269,0.40665467052090293,0.5261414298608151
AVAX,ghost_inverse,24,140,60,80,217,0.42857142857142855,0.03380253280281095,0.0335452678214135,False,0.9622245856236717,0.3495830563292003,0.5113751087635129
AVAX,ghost_inverse,48,139,67,72,217,0.48201438848920863,0.045133935481830256,0.046157893088570004,False,0.694513155021988,0.40055259120997616,0.5644436003756682
AVAX,ghost_inverse,72,138,66,72,217,0.4782608695652174,0.05444734791890375,0.05320619274572293,False,0.7242933601667269,0.3966396690369733,0.5610596236952012
AVAX,ghost_inverse,168,135,55,80,216,0.4074074074074074,0.09480717478021304,0.07597800239164385,False,0.9875620867716784,0.3281978223373858,0.4917408703887136
AVAX,ghost_inverse_strong,24,110,55,55,247,0.5,0.028449660682376525,0.031636803949314875,False,0.5379513041008585,0.40815075723076516,0.5918492427692348
AVAX,ghost_inverse_strong,48,109,58,51,247,0.5321100917431193,0.04135514725724902,0.039569572773808355,False,0.28285005698681726,0.4389455497458302,0.6230883101072736
AVAX,ghost_inverse_strong,72,108,54,54,247,0.5,0.0498167970041191,0.04953590263600117,False,0.5382994812027014,0.407333152227769,0.592666847772231
AVAX,ghost_inverse_strong,168,108,47,61,243,0.4351851851851852,0.08203913464306505,0.06824696032391576,False,0.9257118261947188,0.3454995455105564,0.5293234183955392
AVAX,rsi,24,91,39,52,266,0.42857142857142855,0.025303759743585525,0.0354887933785223,False,0.9291033127276265,0.3318249800682115,0.5311043673911313
AVAX,rsi,48,90,42,48,266,0.4666666666666667,0.04320794626145182,0.04932220160337949,False,0.7696037636405139,0.3670825183252626,0.5689799529028493
AVAX,rsi,72,90,42,48,265,0.4666666666666667,0.05444576776449767,0.05387982612767012,False,0.7696037636405139,0.3670825183252626,0.5689799529028493
AVAX,rsi,168,89,42,47,262,0.47191011235955055,0.10167390809829699,0.08434966534206183,False,0.7374926063537863,0.3715184758755657,0.5746263557516359
AVAX,rsi_extreme,24,32,12,20,325,0.375,0.03464925650334468,0.03564031393994761,False,0.9449079174082726,0.2293366846595921,0.5474589941047487
AVAX,rsi_extreme,48,31,11,20,325,0.3548387096774194,0.04138992637014242,0.05387394067278258,False,0.9646222270093858,0.21116447741565816,0.530523619571851
AVAX,rsi_extreme,72,31,12,19,324,0.3870967741935484,0.06105423672696043,0.06014435257485945,False,0.9251936078071594,0.23732875351271562,0.5617619885886803
AVAX,rsi_extreme,168,30,13,17,321,0.43333333333333335,0.09679933868115079,0.08193723558856116,False,0.8192026959732175,0.2737723743061511,0.6080299045459127
AVAX,bollinger,24,40,16,24,317,0.4,0.021690239463210092,0.023849861114942666,False,0.923070027918584,0.26348110612401365,0.5540438017260649
AVAX,bollinger,48,40,20,20,316,0.5,0.029368084175209235,0.04319449044254437,False,0.5626853438097896,0.35199278797099753,0.6480072120290025
AVAX,bollinger,72,40,21,19,315,0.525,0.05295609049241409,0.04726638904015681,False,0.43731465619021037,0.37497106853929735,0.6706477044981831
AVAX,bollinger,168,39,19,20,312,0.48717948717948717,0.10114185744402292,0.08066831627761048,False,0.625370687619579,0.3386492878313309,0.6380089135430342
AVAX,always_up,24,357,169,188,0,0.4733893557422969,0.033254907891441914,0.03294179217826201,False,0.8550955999436101,0.4221547292644271,0.525190587905212
AVAX,always_up,48,356,170,186,0,0.47752808988764045,0.04713022123796594,0.04925480797089602,False,0.816194591252404,0.42615773964393555,0.5293782517478324
AVAX,always_up,72,355,163,192,0,0.4591549295774648,0.05842706452785461,0.058588306491163644,False,0.9443984528381005,0.4080294147051671,0.5111549830904063
AVAX,always_up,168,351,153,198,0,0.4358974358974359,0.08850900999679606,0.08752148354787273,False,0.993019137967645,0.38499147523930416,0.48819137592583545
AVAX,always_down,24,357,188,169,0,0.5266106442577031,0.03294179217826201,0.033254907891441914,False,0.17038634519906984,0.4748094120947881,0.577845270735573
AVAX,always_down,48,356,186,170,0,0.5224719101123596,0.04925480797089602,0.04713022123796594,False,0.21332734855435198,0.4706217482521677,0.5738422603560644
AVAX,always_down,72,355,192,163,0,0.5408450704225352,0.058588306491163644,0.05842706452785461,False,0.06857252419584732,0.48884501690959375,0.5919705852948329
AVAX,always_down,168,351,198,153,0,0.5641025641025641,0.08752148354787273,0.08850900999679606,True,0.009359574285458302,0.5118086240741646,0.6150085247606958
AVAX,random,24,357,184,173,0,0.5154061624649859,0.03155397868055491,0.034723724196212946,False,0.2983449138012829,0.4636761128518074,0.5668081772078754
AVAX,random,48,356,177,179,0,0.49719101123595505,0.04835867296071189,0.048123166363099795,False,0.5631510878529105,0.4455599040476135,0.5488820948763576
AVAX,random,72,355,170,185,0,0.4788732394366197,0.06240229544929537,0.054941492637640574,False,0.8020970357267069,0.42741128459978267,0.5307875418462035
AVAX,random,168,351,162,189,0,0.46153846153846156,0.09093383649471437,0.085396035766375,False,0.9325384715483257,0.4100827240144202,0.5138269866846635
LINK,momentum,24,270,132,138,87,0.4888888888888889,0.032286077096504474,0.03483564461178639,False,0.664908951679117,0.4298380952158923,0.5482514280705624
LINK,momentum,48,269,127,142,87,0.4721189591078067,0.043052869994214066,0.05279934175525329,False,0.8353490855184402,0.4132730213460174,0.5317500249929572
LINK,momentum,72,268,120,148,87,0.44776119402985076,0.05890749971207043,0.059362682261098386,False,0.9618556001035459,0.3893815659893862,0.5076172745118469
LINK,momentum,168,266,122,144,85,0.45864661654135336,0.08087550554451343,0.08686392788332492,False,0.9208270388810487,0.39977842021789106,0.5186922677709143
LINK,momentum_strong,24,141,68,73,216,0.48226950354609927,0.03219847770378664,0.03796655294356133,False,0.6932436451522939,0.40136056099121364,0.5641189697513354
LINK,momentum_strong,48,141,69,72,215,0.48936170212765956,0.04675724695212033,0.054477380308081955,False,0.6318217705744056,0.40823274403341875,0.5710549744121107
LINK,momentum_strong,72,140,62,78,215,0.44285714285714284,0.06036300345264531,0.05910681367483656,False,0.9247361514141936,0.36319268206730204,0.5255738500068685
LINK,momentum_strong,168,139,69,70,212,0.49640287769784175,0.08036354475576402,0.09190050168785965,False,0.5673132445486326,0.4145045407192233,0.5784946975979057
LINK,mean_reversion,24,194,103,91,163,0.5309278350515464,0.03647302206749127,0.03183110350781878,False,0.2148737475072392,0.4607846741177426,0.5998699101557368
LINK,mean_reversion,48,194,103,91,162,0.5309278350515464,0.05332506809792618,0.04310144927964969,False,0.2148737475072392,0.4607846741177426,0.5998699101557368
LINK,mean_reversion,72,193,107,86,162,0.5544041450777202,0.06286017667172454,0.05861192334869276,False,0.07489169777802879,0.48389878685730914,0.6227859789645497
LINK,mean_reversion,168,191,101,90,160,0.5287958115183246,0.0895321254309797,0.08145348042786675,False,0.23471039123737247,0.45813450915591536,0.5983216069917655
LINK,mean_reversion_aggressive,24,270,138,132,87,0.5111111111111111,0.03483564461178639,0.032286077096504474,False,0.38048601500528384,0.45174857192943757,0.5701619047841077
LINK,mean_reversion_aggressive,48,269,142,127,87,0.5278810408921933,0.05279934175525329,0.043052869994214066,False,0.19668496818786452,0.4682499750070428,0.5867269786539826
LINK,mean_reversion_aggressive,72,268,148,120,87,0.5522388059701493,0.059362682261098386,0.05890749971207043,True,0.049454005338465036,0.49238272548815315,0.6106184340106139
LINK,mean_reversion_aggressive,168,266,144,122,85,0.5413533834586466,0.08686392788332492,0.08087550554451343,False,0.09889791956974775,0.4813077322290857,0.600221579782109
LINK,ghost_inverse,24,134,69,65,223,0.5149253731343284,0.03394869377078434,0.034009250533540564,False,0.3978143574851943,0.4310745095399619,0.597944306260203
LINK,ghost_inverse,48,133,72,61,223,0.5413533834586466,0.04923618148633409,0.04119220632772289,False,0.1929793771705393,0.4566959107530906,0.6236890014373544
LINK,ghost_inverse,72,132,70,62,223,0.5303030303030303,0.0641158718439969,0.059045400072446394,False,0.2712537089597001,0.44551296355872966,0.6133791578532679
LINK,ghost_inverse,168,130,62,68,221,0.47692307692307695,0.09558329460372794,0.07411060659074946,False,0.7302902238591398,0.3929639354034779,0.5622069531692827
LINK,ghost_inverse_strong,24,105,57,48,252,0.5428571428571428,0.03452701418485316,0.03122189789854714,False,0.2175572474461509,0.44774271222406536,0.6349462596396338
LINK,ghost_inverse_strong,48,104,57,47,252,0.5480769230769231,0.05677921475623796,0.04874962308847831,False,0.18879196164904932,0.45241617580190896,0.6403124187293296
LINK,ghost_inverse_strong,72,103,57,46,252,0.5533980582524272,0.06491189882567859,0.06179818651949045,False,0.1622393901440328,0.45719037245005417,0.645765779460812
LINK,ghost_inverse_strong,168,103,47,56,248,0.4563106796116505,0.10771358716384406,0.071487611051237,False,0.8377606098559672,0.36342076531355333,0.5523423831230108
LINK,rsi,24,106,47,59,251,0.44339622641509435,0.03248763530752444,0.03408191933385064,False,0.8967508963201452,0.3524492353273998,0.5383025381354777
LINK,rsi,48,105,50,55,251,0.47619047619047616,0.053334900469318075,0.0438783167939852,False,0.7208028544172045,0.38319838627334735,0.5708632960245974
LINK,rsi,72,104,54,50,251,0.5192307692307693,0.05605142219594681,0.05473877069902376,False,0.3843959050693361,0.4242432827339784,0.612848155078517
LINK,rsi,168,102,53,49,249,0.5196078431372549,0.0824104701084798,0.08214481170042046,False,0.38330213062592594,0.42370956161784173,0.6140827620053841
LINK,bollinger,24,37,16,21,320,0.43243243243243246,0.03762537701923426,0.039251187175171016,False,0.8379956999560818,0.2867148684035131,0.5908609366579929
LINK,bollinger,48,37,15,22,319,0.40540540540540543,0.0576401124577528,0.04500253513888059,False,0.9061292205005884,0.26346295839940137,0.565143168686707
LINK,bollinger,72,37,21,16,318,0.5675675675675675,0.05882655524166673,0.07039196458629421,False,0.2556878907926148,0.4091390633420072,0.7132851315964869
LINK,bollinger,168,37,18,19,314,0.4864864864864865,0.11097991248981817,0.08979326594275626,False,0.6285853206354659,0.33446153327211037,0.6410536277401908
LINK,always_up,24,357,180,177,0,0.5042016806722689,0.03181382238398806,0.03390943930793708,False,0.45785992829254435,0.45256848381584364,0.5557454134731608
LINK,always_up,48,356,179,177,0,0.5028089887640449,0.044471276110979806,0.048064427317182135,False,0.4788709444379981,0.4511179051236424,0.5544400959523866
LINK,always_up,72,355,170,185,0,0.4788732394366197,0.05663580024808742,0.056818221601154,False,0.8020970357267069,0.42741128459978267,0.5307875418462035
LINK,always_up,168,351,155,196,0,0.4415954415954416,0.08961050405885906,0.07945673435043782,False,0.9875820813891233,0.3905554076235445,0.49390007899358274
LINK,always_down,24,357,177,180,0,0.4957983193277311,0.03390943930793708,0.03181382238398806,False,0.5838119203959401,0.44425458652683925,0.5474315161841564
LINK,always_down,48,356,177,179,0,0.49719101123595505,0.048064427317182135,0.044471276110979806,False,0.5631510878529105,0.4455599040476135,0.5488820948763576
LINK,always_down,72,355,185,170,0,0.5211267605633803,0.056818221601154,0.05663580024808742,False,0.22875173283540995,0.4692124581537965,0.5725887154002173
LINK,always_down,168,351,196,155,0,0.5584045584045584,0.07945673435043782,0.08961050405885906,True,0.01630497559221502,0.5060999210064172,0.6094445923764555
LINK,random,24,357,175,182,0,0.49019607843137253,0.0332767055479416,0.03244524898754359,False,0.6639703310569354,0.4387199988751472,0.5418809074505094
LINK,random,48,356,185,171,0,0.5196629213483146,0.04906562660949586,0.043220006644736186,False,0.24543893220380728,0.4678306385627154,0.5710753689694876
LINK,random,72,355,183,172,0,0.5154929577464789,0.05912722273260629,0.05418125161814767,False,0.2978289767324939,0.46361783627879577,0.5670363576608143
LINK,random,168,351,176,175,0,0.5014245014245015,0.08884864646248287,0.07900449305378276,False,0.49999999999999933,0.44938468091302364,0.5534334779499733
