symbol,strategy,holding_hours,total_trades,wins,win_rate,is_significant,p_value,ci_lower,ci_upper
PANW,momentum,24,162,83,0.5123456790123457,False,0.40687670608895216,0.4359832960718685,0.5881361046092636
PANW,momentum,48,162,86,0.5308641975308642,False,0.23980758440412672,0.4541919404938485,0.6061065612089812
PANW,momentum,72,161,78,0.484472049689441,False,0.6817771111441611,0.40854034129884015,0.5611275095349301
PANW,momentum,168,159,76,0.4779874213836478,False,0.7370377468372482,0.4017825757326531,0.5552308655501642
PANW,mean_reversion,24,129,63,0.4883720930232558,False,0.6375728165141207,0.4037032622727371,0.5737134505642055
PANW,mean_reversion,48,129,58,0.4496124031007752,False,0.8912193730802693,0.3664624265425491,0.5356766624175358
PANW,mean_reversion,72,128,64,0.5,False,0.5351930460850072,0.41465072364379996,0.5853492763562
PANW,mean_reversion,168,126,69,0.5476190476190477,False,0.16356148360838926,0.46058539099321294,0.6318349118989266
PANW,ghost_inverse,24,67,39,0.582089552238806,False,0.11077436482240552,0.46269715977486015,0.6925788362500744
PANW,ghost_inverse,48,67,35,0.5223880597014925,False,0.40359734568351235,0.40484988526831645,0.6374981136475746
PANW,ghost_inverse,72,66,39,0.5909090909090909,False,0.08764289722151766,0.4704897153828895,0.7013276542077269
PANW,ghost_inverse,168,65,42,0.6461538461538462,True,0.012405987285776077,0.5247488020503202,0.7512471073997797
PANW,rsi,24,66,28,0.42424242424242425,False,0.9123571027784824,0.31242322955377905,0.5443956291207072
PANW,rsi,48,66,26,0.3939393939393939,False,0.9679912479313871,0.2850282099029192,0.5145181922413615
PANW,rsi,72,66,30,0.45454545454545453,False,0.8054737697261036,0.340239312591756,0.5738520026129358
PANW,rsi,168,66,35,0.5303030303030303,False,0.35611544131867545,0.41157476624932443,0.645697690280881
NET,momentum,24,171,78,0.45614035087719296,False,0.8894943756801462,0.3832688490710242,0.5309392112532921
NET,momentum,48,170,89,0.5235294117647059,False,0.2957422944449869,0.44876252971873043,0.5972563748472653
NET,momentum,72,169,85,0.5029585798816568,False,0.5000000000000006,0.428351944313058,0.5774336998837094
NET,momentum,168,168,86,0.5119047619047619,False,0.4085232444903905,0.43690061343139175,0.5863766372459762
NET,mean_reversion,24,146,81,0.5547945205479452,False,0.10715745868885618,0.4738005631604948,0.6329788625797536
NET,mean_reversion,48,145,69,0.47586206896551725,False,0.746701790714557,0.39624887140024906,0.556721265980698
NET,mean_reversion,72,144,74,0.5138888888888888,False,0.40134667753486414,0.4329596384827971,0.5940963457597975
NET,mean_reversion,168,143,69,0.4825174825174825,False,0.6919986071540933,0.4021503867827656,0.5637993168434547
NET,ghost_inverse,24,74,46,0.6216216216216216,True,0.02369648775202588,0.507712489269153,0.7235263341877133
NET,ghost_inverse,48,74,41,0.5540540540540541,False,0.2079925987536523,0.4409291962707845,0.6618436141544893
NET,ghost_inverse,72,73,42,0.5753424657534246,False,0.120822361570376,0.46099174047029373,0.6821598857321799
NET,ghost_inverse,168,72,45,0.625,True,0.022185460004012846,0.5095268590406966,0.7278099060064543
NET,rsi,24,71,40,0.5633802816901409,False,0.17123549920993397,0.44771335602917073,0.6725406203689822
NET,rsi,48,70,31,0.44285714285714284,False,0.8590105391031719,0.3324934170610057,0.5591665686381124
NET,rsi,72,69,34,0.4927536231884058,False,0.5950254735405376,0.3783222449110342,0.6079493361635164
NET,rsi,168,68,31,0.45588235294117646,False,0.8019375798514852,0.3430469069536447,0.5734360221570655
FTNT,momentum,24,163,79,0.48466257668711654,False,0.6807392256134233,0.4091799416218508,0.5608515133629971
FTNT,momentum,48,162,79,0.4876543209876543,False,0.6527163162835142,0.41186389539073653,0.5640167039281317
FTNT,momentum,72,161,74,0.45962732919254656,False,0.8650894239538296,0.3844820789110116,0.5366543332567907
FTNT,momentum,168,159,78,0.49056603773584906,False,0.6244046040233129,0.4140050950646095,0.5675720940565981
FTNT,mean_reversion,24,104,54,0.5192307692307693,False,0.3843959050693361,0.4242432827339784,0.612848155078517
FTNT,mean_reversion,48,103,55,0.5339805825242718,False,0.2773005333324366,0.43815971045284596,0.6273578407631598
FTNT,mean_reversion,72,103,55,0.5339805825242718,False,0.2773005333324366,0.43815971045284596,0.6273578407631598
FTNT,mean_reversion,168,102,52,0.5098039215686274,False,0.46059552462693587,0.4142085151226479,0.6046876466889649
FTNT,ghost_inverse,24,72,42,0.5833333333333334,False,0.09725258293369955,0.4680748922563983,0.6901496177750356
FTNT,ghost_inverse,48,72,42,0.5833333333333334,False,0.09725258293369955,0.4680748922563983,0.6901496177750356
FTNT,ghost_inverse,72,71,43,0.6056338028169014,True,0.04796181570541188,0.489355558883608,0.7110677351133136
FTNT,ghost_inverse,168,69,43,0.6231884057971014,True,0.026644681908256824,0.5052166912305035,0.7281664305021328
FTNT,rsi,24,56,27,0.48214285714285715,False,0.6555601196383303,0.35668005624426746,0.609898377487451
FTNT,rsi,48,55,26,0.4727272727272727,False,0.7049733341116823,0.34692885310480803,0.6020868092837061
FTNT,rsi,72,54,28,0.5185185185185185,False,0.4459615755523744,0.3885147504846543,0.6460624396345678
FTNT,rsi,168,54,27,0.5,False,0.5540384244476255,0.37114361988923295,0.628856380110767
SNOW,momentum,24,168,77,0.4583333333333333,False,0.8764590141006712,0.3847602882551795,0.5337693343740326
SNOW,momentum,48,167,85,0.5089820359281437,False,0.43853340538879937,0.433814682303871,0.5837454435671113
SNOW,momentum,72,167,86,0.5149700598802395,False,0.37851308359198016,0.4396890875605082,0.5895777888911289
SNOW,momentum,168,165,77,0.4666666666666667,False,0.8248828173084632,0.3921690859511836,0.5426810931515966
SNOW,mean_reversion,24,132,67,0.5075757575757576,False,0.4653422327627885,0.42328760705491464,0.5914354232980846
SNOW,mean_reversion,48,131,63,0.48091603053435117,False,0.6998526911448661,0.3971249733448441,0.5657944817787972
SNOW,mean_reversion,72,131,61,0.46564885496183206,False,0.8088228393219323,0.3824267321981887,0.5508282870243657
SNOW,mean_reversion,168,130,67,0.5153846153846153,False,0.39629126139704807,0.4302728067440477,0.5996132675407784
SNOW,ghost_inverse,24,78,43,0.5512820512820513,False,0.21410351785879034,0.4410917185751463,0.6566580810377646
SNOW,ghost_inverse,48,78,39,0.5,False,0.5450267740627379,0.39167242528547985,0.6083275747145201
SNOW,ghost_inverse,72,78,41,0.5256410256410257,False,0.3671710165149233,0.4162457167544665,0.632629183051989
SNOW,ghost_inverse,168,77,40,0.5194805194805194,False,0.4099464518745244,0.40963811196379796,0.6274714949712452
SNOW,rsi,24,70,30,0.42857142857142855,False,0.9058918984884862,0.31935124886212546,0.5452237332617722
SNOW,rsi,48,70,31,0.44285714285714284,False,0.8590105391031719,0.3324934170610057,0.5591665686381124
SNOW,rsi,72,70,27,0.38571428571428573,False,0.9793042856630423,0.28047517785454174,0.5028447935436945
SNOW,rsi,168,68,38,0.5588235294117647,False,0.19806242014851488,0.44081654438286205,0.670539550136191
DDOG,momentum,24,171,84,0.49122807017543857,False,0.6201029829390854,0.4173173755720263,0.5655242364928369
DDOG,momentum,48,170,87,0.5117647058823529,False,0.409052983951472,0.4371974014862072,0.5858120507967906
DDOG,momentum,72,169,89,0.5266272189349113,False,0.2692134828598087,0.45159666961419703,0.60047412815671
DDOG,momentum,168,167,81,0.48502994011976047,False,0.6787155953305678,0.4104222111088711,0.5603109124394918
DDOG,mean_reversion,24,134,68,0.5074626865671642,False,0.46560087281679746,0.42379268371744927,0.5907167241826332
DDOG,mean_reversion,48,133,64,0.48120300751879697,False,0.6984768054355599,0.39801276461434487,0.5654486389354527
DDOG,mean_reversion,72,132,58,0.4393939393939394,False,0.9306659967809484,0.3576269726250174,0.5245887845509875
DDOG,mean_reversion,168,130,63,0.4846153846153846,False,0.6694151584305919,0.4003867324592215,0.5697271932559522
DDOG,ghost_inverse,24,78,40,0.5128205128205128,False,0.4549732259372621,0.40392509465379506,0.6205123552494326
DDOG,ghost_inverse,48,78,44,0.5641025641025641,False,0.15408411597184035,0.4536178766457738,0.6685693728703647
DDOG,ghost_inverse,72,77,42,0.5454545454545454,False,0.24719113684775001,0.43472886644893927,0.6518602163994951
DDOG,ghost_inverse,168,75,41,0.5466666666666666,False,0.24434148545157158,0.4344817369914825,0.6543038787240788
DDOG,rsi,24,76,43,0.5657894736842105,False,0.15093624524350396,0.4538555158542199,0.671392475168004
DDOG,rsi,48,76,39,0.5131578947368421,False,0.45438846263774635,0.40288499035495096,0.622164607849494
DDOG,rsi,72,75,35,0.4666666666666667,False,0.7556585145484285,0.35815509458811656,0.5784266084721967
DDOG,rsi,168,74,35,0.47297297297297297,False,0.7193096278505091,0.36338517790283736,0.5852284168845255
